,item,price,delivery fee,url
0,하겐다즈 멀티바(스틱바3개입)x3개 총 스틱바9개입,"28,700",무료배송,https://www.11st.co.kr/products/5583011896?inpu=&trTypeCd=22&trCtgrNo=895019
1,[연장판매][50%할인] 가족뮤지컬 알사탕 - 서울숲,"30,000",무료배송,https://www.11st.co.kr/products/5580231860?inpu=&trTypeCd=22&trCtgrNo=895019
2,"CJ 햇반, 210g, 36개입, 1개","35,900",무료배송,https://www.11st.co.kr/products/4243449533?inpu=&trTypeCd=22&trCtgrNo=895019
3,"제주삼다수(무/유라벨 랜덤출고) 2L x 12펫, 500ml x 40펫, 330ml x 40펫","12,150",무료배송,https://www.11st.co.kr/products/4920874549?inpu=&trTypeCd=22&trCtgrNo=895019
4,카렉스 순 에탄올 친환경 사계절 워셔액 1.8L 자동차 워셔액 3개 1BOX,"6,900",무료배송,https://www.11st.co.kr/products/1906908855?inpu=&trTypeCd=22&trCtgrNo=895019
5,[연장판매][50%할인] 가족뮤지컬 장수탕 선녀님 - 서울숲,"30,000",무료배송,https://www.11st.co.kr/products/5580232242?inpu=&trTypeCd=22&trCtgrNo=895019
6,[15%쿠폰+11%티멤][지오다노]본사 일교차 코디제안~60%OFF 자켓/반팔티/슬렉스/데님 외,"12,000",무료배송,https://www.11st.co.kr/products/1700099071?inpu=&trTypeCd=22&trCtgrNo=895019
7,[5만원권] 이마트/트레이더스 금액권 6% 할인,"47,000",무료배송,https://www.11st.co.kr/products/5545918828?inpu=&trTypeCd=22&trCtgrNo=895019
8,[거창군농협] 거창 부사사과 3kg 5kg #8-16개내 #27개내,"11,610",무료배송,https://www.11st.co.kr/products/3749557832?inpu=&trTypeCd=22&trCtgrNo=895019
9,[루키즈] 루키즈/루실내복/신상/파자마/디즈니/잠옷/상하세트/,"7,900",무료배송,https://www.11st.co.kr/products/2058410682?inpu=&trTypeCd=22&trCtgrNo=895019
10,[즉시10%+쿠폰15%+묶음~20%] 에뛰드 분기마감! 고객 감사 세일,"4,500",무료배송,https://www.11st.co.kr/products/2735551512?inpu=&trTypeCd=22&trCtgrNo=895019
11,65%+3천+T11%할인! 요즘에 팬츠&코디 BIG혜택! 팬츠NO.1#데님#슬랙스#가디건#S~3XL/넘,"4,460",무료배송,https://www.11st.co.kr/products/60937795?inpu=&trTypeCd=22&trCtgrNo=895019
12,[3만원권] 이마트/트레이더스 금액권 6% 할인,"28,200",무료배송,https://www.11st.co.kr/products/5545929341?inpu=&trTypeCd=22&trCtgrNo=895019
13,프레시지 바를정육 한입 LA갈비 500g / 초이스등급,"10,900",무료배송,https://www.11st.co.kr/products/3074788489?inpu=&trTypeCd=22&trCtgrNo=895019
14,[성경김본사] 지도표 성경김 재래 식탁김 4g 16봉+16봉 (총32봉),"9,750",무료배송,https://www.11st.co.kr/products/2114682808?inpu=&trTypeCd=22&trCtgrNo=895019
15,"상하목장 유기농우유, 200ML, 24개","27,070",무료배송,https://www.11st.co.kr/products/4245822321?inpu=&trTypeCd=22&trCtgrNo=895019
16,[30%] 네파키즈 원데이 단독! 23년 SS 신상품 /자켓/티셔츠 UP TO 80%,"15,000",무료배송,https://www.11st.co.kr/products/4621593388?inpu=&trTypeCd=22&trCtgrNo=895019
17,KF94 아이코코 마스크 컬러에디션 KFAD 비말차단 여름용,"11,920",무료배송,https://www.11st.co.kr/products/3541678624?inpu=&trTypeCd=22&trCtgrNo=895019
18,Magic Tree House #1~34 Set (Book+CD+Wordbook) New,"229,840",무료배송,https://www.11st.co.kr/products/5516234902?inpu=&trTypeCd=22&trCtgrNo=895019
19,베베숲 시그니처 위드블루 그랜드에디션 70매 캡 20팩,"29,990",무료배송,https://www.11st.co.kr/products/5023204621?inpu=&trTypeCd=22&trCtgrNo=895019
20,[크록스본사] 3/21일까지 완판 기념 솔라라이즈드 재입고! 특별가 모음,"10,530",무료배송,https://www.11st.co.kr/products/2918634917?inpu=&trTypeCd=22&trCtgrNo=895019
21,프릴 베이킹소다/맑은식초 주방세제 용기 750ml+리필(1000ml x3개)+프릴 레몬 300ml x,"15,380",무료배송,https://www.11st.co.kr/products/1904542789?inpu=&trTypeCd=22&trCtgrNo=895019
22,"[최종혜택가 23,900원] 센텔리안24 마데카크림 액티브스킨포뮬러 50ml 3개 + 15ml 1개","29,870",무료배송,https://www.11st.co.kr/products/5408576045?inpu=&trTypeCd=22&trCtgrNo=895019
23,[롯데백화점]엔비에이키즈(아동) 폴리 라운지 세트 K225Z1996P,"27,250",무료배송,https://www.11st.co.kr/products/5545256727?inpu=&trTypeCd=22&trCtgrNo=895019
24,[품질보장] 프리미엄 썬키스트 블랙라벨 고당도 오렌지 20과,"14,160",무료배송,https://www.11st.co.kr/products/5393137236?inpu=&trTypeCd=22&trCtgrNo=895019
25,팸퍼스 기저귀 모음전/베이비드라이팬티 외,"44,500",무료배송,https://www.11st.co.kr/products/1101942280?inpu=&trTypeCd=22&trCtgrNo=895019
26,브리타 정수기 막스트라 플러스 필터 3입,"19,900",무료배송,https://www.11st.co.kr/products/3728922923?inpu=&trTypeCd=22&trCtgrNo=895019
27,"비비고 왕교자, 1.3kg, 3개","29,900",무료배송,https://www.11st.co.kr/products/5609836062?inpu=&trTypeCd=22&trCtgrNo=895019
28,글로리한 비타민 베로카 45T_튜브(+트라이탄보틀)/발포비타민/멀티비타민,"21,900",무료배송,https://www.11st.co.kr/products/2354269697?inpu=&trTypeCd=22&trCtgrNo=895019
29,새부리형 KF94 마스크 100매 대형 전컬러 동일가 국내생산 국산 원부자재 세이피 컬러,"10,900",무료배송,https://www.11st.co.kr/products/4064040834?inpu=&trTypeCd=22&trCtgrNo=895019
30,[3만원권] 커피빈 모바일 금액권 18% 할인,"24,600",무료배송,https://www.11st.co.kr/products/5610057657?inpu=&trTypeCd=22&trCtgrNo=895019
31,핸드폰 투명 젤리 케이스 갤럭시 S23 S22 S21 S20 노트 플러스/울트라 아이폰 14 13 1,"3,500",무료배송,https://www.11st.co.kr/products/1830325807?inpu=&trTypeCd=22&trCtgrNo=895019
32,[5만원권] 커피빈 모바일 금액권 18% 할인,"41,000",무료배송,https://www.11st.co.kr/products/5610066008?inpu=&trTypeCd=22&trCtgrNo=895019
33,[잇수다] 오픈라이브 30%+1천 단독혜택! 봄신상 BEST 트위드자켓/원피스/니트/가디건/,"6,860",무료배송,https://www.11st.co.kr/products/2360476597?inpu=&trTypeCd=22&trCtgrNo=895019
34,[30%즉시할인][아디다스] 재팬 봄 오픈 베스트 아이템 아우터/반팔/맨투맨/팬츠 外,"13,930",무료배송,https://www.11st.co.kr/products/5575036985?inpu=&trTypeCd=22&trCtgrNo=895019
35,[본사직영] 생수 아이시스 8.0 2L/무라벨1.5L/1L/500ml/300ml/200ml,"10,350",무료배송,https://www.11st.co.kr/products/1792205310?inpu=&trTypeCd=22&trCtgrNo=895019
36,[헤라] 3월 선크림 맛집의 프레쉬한 신상 #UV프로텍터프레쉬 #블랙쿠션 #글로우쿠션 #,"28,220",무료배송,https://www.11st.co.kr/products/2218563579?inpu=&trTypeCd=22&trCtgrNo=895019
37,가그린 구강청결제 제로 820ml ×5개,"16,900",무료배송,https://www.11st.co.kr/products/4085168370?inpu=&trTypeCd=22&trCtgrNo=895019
38,[다니엘크레뮤] SS시즌 BIG SALE 자켓/반팔티/슬렉스/셔츠 외,"25,350",무료배송,https://www.11st.co.kr/products/5394039712?inpu=&trTypeCd=22&trCtgrNo=895019
39,미쏘 독점 역대급 특가! 원피스/자켓/후드/팬츠 BIG SALE!,"11,120",무료배송,https://www.11st.co.kr/products/3112741238?inpu=&trTypeCd=22&trCtgrNo=895019
40,달콤바삭 누룽지 200g(3+1),"22,000",무료배송,https://www.11st.co.kr/products/5443918799?inpu=&trTypeCd=&trCtgrNo=
41,광림상회 국내산 1등급 냉장 꽃갈비살+갈비살외 소고기 모음전,"19,900",,https://www.11st.co.kr/products/4081862101?inpu=&trTypeCd=&trCtgrNo=
42,[제주농협] 제주오렌지 청견 2kg 4kg #로얄과,"11,600",무료배송,https://www.11st.co.kr/products/2760072661?inpu=&trTypeCd=&trCtgrNo=
43,비타500 콜라겐 잔망루피 100ml 50입,"28,210",무료배송,https://www.11st.co.kr/products/5559853884?inpu=&trTypeCd=&trCtgrNo=
44,싸이닉 파워 옴므 올인원 플루이드 150ml 2개,"17,630",무료배송,https://www.11st.co.kr/products/5379715416?inpu=&trTypeCd=&trCtgrNo=
45,코카콜라[본사직영] 코크제로 캔 355ml 24개,"23,300",무료배송,https://www.11st.co.kr/products/2576026629?inpu=&trTypeCd=&trCtgrNo=
46,SS시즌 뉴발란스 나이키 맨투맨/자켓/바지/가방 UP TO 90%,"8,000",무료배송,https://www.11st.co.kr/products/4506446775?inpu=&trTypeCd=&trCtgrNo=
47,[Pay's] 롯데리아 모바일 금액권 1만원권,"8,900",무료배송,https://www.11st.co.kr/products/5609775858?inpu=&trTypeCd=&trCtgrNo=
48,[30%] 네파 단독 자켓 물량 입고! 바람막이/맨투맨/자켓 外 최대혜택전,"15,000",무료배송,https://www.11st.co.kr/products/4618327617?inpu=&trTypeCd=&trCtgrNo=
49,[크록스공식점]기본할인+30%쿠폰할인! 봄시즌 오픈특가!,"12,600",무료배송,https://www.11st.co.kr/products/1886351212?inpu=&trTypeCd=&trCtgrNo=
50,[50%즉시할인+1천원]브이빈 신상 원가이하! 니트/팬츠/트위드자켓/가디건/셔츠/블라우,"7,450",무료배송,https://www.11st.co.kr/products/5612690393?inpu=&trTypeCd=&trCtgrNo=
51,"농심 얼큰한너구리, 120G, 20개","15,990",무료배송,https://www.11st.co.kr/products/3937566345?inpu=&trTypeCd=&trCtgrNo=
52,"동일식품 어포튀각, 90g, 12개","27,000",무료배송,https://www.11st.co.kr/products/5299486742?inpu=&trTypeCd=&trCtgrNo=
53,[25%즉할]헤지스키즈/포인터웍스 봄 이월 물량 재입고! 바람막이/티셔츠/상하세트 UP,"20,630",무료배송,https://www.11st.co.kr/products/4178700673?inpu=&trTypeCd=&trCtgrNo=
54,[에스트라] 진정 이후 흔적까지 케어하는 #흔적까지진정세럼 온라인 단독용량 출시!,"18,090",무료배송,https://www.11st.co.kr/products/4071366339?inpu=&trTypeCd=&trCtgrNo=
55,Apple Watch SE 44mm (2022) 32G,"368,600",무료배송,https://www.11st.co.kr/products/4940204418?inpu=&trTypeCd=&trCtgrNo=
56,[15%중복]오리히로 곤약젤리 제로 칼로리 4종 8팩 골라담기(거봉 / 복숭아 / 사과 / 샤,"17,010",무료배송,https://www.11st.co.kr/products/5550493495?inpu=&trTypeCd=&trCtgrNo=
57,"켈로그 후르트링 530g, 2개","9,980",무료배송,https://www.11st.co.kr/products/4299171082?inpu=&trTypeCd=&trCtgrNo=
58,프리미엄 페루 애플망고 7-10입 4kg,"29,900",무료배송,https://www.11st.co.kr/products/3482231065?inpu=&trTypeCd=&trCtgrNo=
59,22년햅쌀)신동진쌀20kg #상등급,"47,990",무료배송,https://www.11st.co.kr/products/4943484097?inpu=&trTypeCd=&trCtgrNo=
60,프레시지 바를정육 한입 LA갈비 2kg (500g x 4ea) / 초이스등급,"39,900",무료배송,https://www.11st.co.kr/products/3687998343?inpu=&trTypeCd=&trCtgrNo=
61,[아이허브] 베스트셀러 모음! 비타민 유산균 오메가3 캘리포니아골드 나우푸드 자로우,"28,500",,https://www.11st.co.kr/products/2835570428?inpu=&trTypeCd=&trCtgrNo=
62,CLA 클라 새부리형 KF94 슬림핏 데일리 MB필터 50매 100매 대형 중형 소형,"14,400",무료배송,https://www.11st.co.kr/products/3442902370?inpu=&trTypeCd=&trCtgrNo=
63,홍콩 제니베이커리 4믹스 쿠키(S) 320gx2,"36,660",무료배송,https://www.11st.co.kr/products/3494703219?inpu=&trTypeCd=&trCtgrNo=
64,"상하목장 유기농우유, 125ML, 24개","24,160",무료배송,https://www.11st.co.kr/products/4245838496?inpu=&trTypeCd=&trCtgrNo=
65,[더엣지 외] 23SS 추천 신상! 봄니트/봄아우터/얼리썸머 아이템 外,"29,000",무료배송,https://www.11st.co.kr/products/4291103289?inpu=&trTypeCd=&trCtgrNo=
66,비비고 사골곰탕 500g X 18,"16,820",무료배송,https://www.11st.co.kr/products/4105023311?inpu=&trTypeCd=&trCtgrNo=
67,비비고단호박죽 420G X 10,"23,800",무료배송,https://www.11st.co.kr/products/4034322644?inpu=&trTypeCd=&trCtgrNo=
68,[삠뽀요]15+20%+4개이상5%추가/봄신상베스트모음/가디건/상하복/원피스/티셔츠/팬츠,"7,900",무료배송,https://www.11st.co.kr/products/1876337864?inpu=&trTypeCd=&trCtgrNo=
69,[30%+T11%] 폴햄 봄신상 BIG 찬스! 티셔츠/아우터/팬츠外,"13,900",무료배송,https://www.11st.co.kr/products/1883525698?inpu=&trTypeCd=&trCtgrNo=
70,[깨비농원] 고당도 제주 천혜향 2.5kg 4.5kg,"16,470",무료배송,https://www.11st.co.kr/products/4088475251?inpu=&trTypeCd=&trCtgrNo=
71,[블랙야크키즈] 봄&여름 바람막이자켓/맨투맨티셔츠/팬츠/백팩 BEST 상품,"9,900",무료배송,https://www.11st.co.kr/products/4765373573?inpu=&trTypeCd=&trCtgrNo=
72,키즈 수퍼바이오틱스 (30포/30일분) X 2,"38,250",무료배송,https://www.11st.co.kr/products/5627091273?inpu=&trTypeCd=&trCtgrNo=
73,"에너자이저 알카라인 건전지 AA,AAA 24알/대용량/C/D/코인/패밀리팩-","11,630",무료배송,https://www.11st.co.kr/products/1662586943?inpu=&trTypeCd=&trCtgrNo=
74,반건조 오징어 5미(750g내외) 국내산,"25,000",무료배송,https://www.11st.co.kr/products/5481962996?inpu=&trTypeCd=&trCtgrNo=
75,"[마인드브릿지] 정해인pick! 봄 스타일링~ 트렌치코트, 가디건, 와이드슬랙스 등 최대","18,400",무료배송,https://www.11st.co.kr/products/1780178018?inpu=&trTypeCd=&trCtgrNo=
76,[지오다노주니어] 봄맞이 티셔츠/데님 모음전 ~74% 아동복 등원룩 주니어룩 등교룩 경,"8,500",무료배송,https://www.11st.co.kr/products/3452926755?inpu=&trTypeCd=&trCtgrNo=
77,"햇반 발아현미밥, 210g, 36개","39,200",무료배송,https://www.11st.co.kr/products/4856001218?inpu=&trTypeCd=&trCtgrNo=
78,카르닉 4단 윈드스크린 캠핑 윈드브레이크 텐트 바람막이 사이드월 캠핑용품,"39,800",무료배송,https://www.11st.co.kr/products/2856120904?inpu=&trTypeCd=&trCtgrNo=
79,세노비스 키즈 멀티비타민미네랄 (90정/45일분) X 2,"38,250",무료배송,https://www.11st.co.kr/products/5626762086?inpu=&trTypeCd=&trCtgrNo=
80,[베베쥬]20%예쁜아동복 봄 여름 상하복/원피스/티셔츠/바지,"6,900",무료배송,https://www.11st.co.kr/products/1217141544?inpu=&trTypeCd=&trCtgrNo=
81,베베숲 시그니처 브라운 캡형 70매X20팩,"27,990",무료배송,https://www.11st.co.kr/products/4169162589?inpu=&trTypeCd=&trCtgrNo=
82,[김가네 식탁][해썹인증]본사배송 감자탕 5kg(9-10인분)+겨자소스 증정/국내산 돈등뼈,"18,480",무료배송,https://www.11st.co.kr/products/4262333452?inpu=&trTypeCd=&trCtgrNo=
83,"아몬드 브리즈 오리지널, 190ML, 24개","14,730",무료배송,https://www.11st.co.kr/products/4245931765?inpu=&trTypeCd=&trCtgrNo=
84,선크림은 닥터지! 닥터지 선 브랜드위크! 23 NEW 선 런칭 外 민감피부 1등 선크림/보송,"25,000",무료배송,https://www.11st.co.kr/products/1686589429?inpu=&trTypeCd=&trCtgrNo=
85,[크록스]크록밴드/라이트라이드 외 신상 성인&아동 슈즈/샌들 모음,"15,900",무료배송,https://www.11st.co.kr/products/1951180227?inpu=&trTypeCd=&trCtgrNo=
86,[50+20%]제이프랑 봄신상입고 100종!6천대~티셔츠/팬츠/트레이닝 외,"7,920",무료배송,https://www.11st.co.kr/products/5043864659?inpu=&trTypeCd=&trCtgrNo=
87,훈제오리 슬라이스 800g + 800g,"17,900",무료배송,https://www.11st.co.kr/products/5520811002?inpu=&trTypeCd=&trCtgrNo=
88,차일드라이프 액상 칼슘 마그네슘 473ml X 3,"49,800",무료배송,https://www.11st.co.kr/products/5626967680?inpu=&trTypeCd=&trCtgrNo=
89,에이지투웨니스 에센스 커버 팩트 최신상 플로라 에디션 본품,"25,500",,https://www.11st.co.kr/products/5617476939?inpu=&trTypeCd=&trCtgrNo=
90,[30%쿠폰][울시/펠틱스 외] 스포츠/골프의류 SS 신상! 맨투맨/트랙수트,"7,000",무료배송,https://www.11st.co.kr/products/2768541117?inpu=&trTypeCd=&trCtgrNo=
91,당도선별 블랙라벨 오렌지 중소과/중과/대과,"12,900",무료배송,https://www.11st.co.kr/products/2770628430?inpu=&trTypeCd=&trCtgrNo=
92,[콜핑]등산 SS 최대혜택 자켓/티셔츠/바지/워킹화/용품 모음전,"7,880",무료배송,https://www.11st.co.kr/products/1365205722?inpu=&trTypeCd=&trCtgrNo=
93,[30%+T맴버십] 사뿐 봄슈즈 특가전! 신상/플랫/힐/로퍼/메리제인/슬링백/구두/여자,"9,730",무료배송,https://www.11st.co.kr/products/1002327034?inpu=&trTypeCd=&trCtgrNo=
94,"[풀무원] 소시지, 황금밥알 볶음밥 등 골라담기+[증]짜장소스","36,500",무료배송,https://www.11st.co.kr/products/2546228359?inpu=&trTypeCd=&trCtgrNo=
95,[행필품]아이러브베베 도톰엠보X20팩 블루 아기물티슈,"14,900",무료배송,https://www.11st.co.kr/products/1389155804?inpu=&trTypeCd=&trCtgrNo=
96,[2만원권] 커피빈 모바일 금액권 18% 할인,"16,400",무료배송,https://www.11st.co.kr/products/5610028446?inpu=&trTypeCd=&trCtgrNo=
97,"[아디다스][New Performance] DURAMO 10 WIDE _[GX0709,GX0711,GY3855,GY3856](의정부","34,940",무료배송,https://www.11st.co.kr/products/5523724252?inpu=&trTypeCd=&trCtgrNo=
98,베베숲 시그니처 그린 캡형 70매X10팩,"15,790",무료배송,https://www.11st.co.kr/products/4169169637?inpu=&trTypeCd=&trCtgrNo=
99,올스탠다드 도톰한 엠보싱 캡형 1000매 깨끗한 엠보싱 아기물티슈100매×10팩 대용량,"11,900",무료배송,https://www.11st.co.kr/products/3898117744?inpu=&trTypeCd=&trCtgrNo=
100,[VSL#3] 키즈 100억보장 냉장생유산균 30포 외 3종,"58,000",무료배송,https://www.11st.co.kr/products/2483415994?inpu=&trTypeCd=&trCtgrNo=
101,남양유업 프렌치카페 카페믹스 300T,"26,900",무료배송,https://www.11st.co.kr/products/5067288471?inpu=&trTypeCd=&trCtgrNo=
102,[홈플러스]믿고먹는안심농협쌀20KG 포,"46,950",무료배송,https://www.11st.co.kr/products/3266683213?inpu=&trTypeCd=&trCtgrNo=
103,쿠쿠 화이트 3구 인덕션레인지 CIR-E301FW,"569,000",무료배송,https://www.11st.co.kr/products/3969500068?inpu=&trTypeCd=&trCtgrNo=
104,[성경김본사] 지도표 성경김 재래 전장김 30g X 10봉,"11,850",무료배송,https://www.11st.co.kr/products/3099613943?inpu=&trTypeCd=&trCtgrNo=
105,레고 BEST 상품 모음전,"24,680",,https://www.11st.co.kr/products/2480219965?inpu=&trTypeCd=&trCtgrNo=
106,베베숲 시그니처 그린 캡형 70매X20팩,"28,990",무료배송,https://www.11st.co.kr/products/4169174712?inpu=&trTypeCd=&trCtgrNo=
107,컴포트랩 가슴을 잡아주는 브라렛/팬티 단품 BEST 모음,"10,000",무료배송,https://www.11st.co.kr/products/1718803535?inpu=&trTypeCd=&trCtgrNo=
108,[5만원권] 컬쳐랜드 상품권 (모바일문화상품권) 문상 카드결제가능,"48,000",무료배송,https://www.11st.co.kr/products/5320358371?inpu=&trTypeCd=&trCtgrNo=
109,미니멜리사/메듀즈/크록스 샌들 85종 여성 아동 아기 키즈 슬리퍼 아쿠아 젤리슈즈 크,"35,000",무료배송,https://www.11st.co.kr/products/3342392809?inpu=&trTypeCd=&trCtgrNo=
110,[찜15%+기프티콘]종근당건강 락토덤 온가족 생보습 로션/워시/크림,"8,420",무료배송,https://www.11st.co.kr/products/4321488661?inpu=&trTypeCd=&trCtgrNo=
111,"상하목장 유기농 저지방우유, 200ML, 24개","27,070",무료배송,https://www.11st.co.kr/products/4245830804?inpu=&trTypeCd=&trCtgrNo=
112,[만족도최고]털보네사과 가정용 꿀사과 9kg 내외 11st,"28,110",무료배송,https://www.11st.co.kr/products/1418504992?inpu=&trTypeCd=&trCtgrNo=
113,이맛쌀 20kg,"44,460",무료배송,https://www.11st.co.kr/products/2826694859?inpu=&trTypeCd=&trCtgrNo=
114,건풍바이오 고투카원 700mg x 90정 1박스 DM,"46,690",,https://www.11st.co.kr/products/5471968118?inpu=&trTypeCd=&trCtgrNo=
115,차일드라이프 액상 칼슘 마그네슘 473ml X 2,"38,400",무료배송,https://www.11st.co.kr/products/5626945426?inpu=&trTypeCd=&trCtgrNo=
116,코크제로 190ml X 30개,"16,010",무료배송,https://www.11st.co.kr/products/3895994773?inpu=&trTypeCd=&trCtgrNo=
117,깨끗한나라 순수소프트 27m 30롤 2팩,"28,900",무료배송,https://www.11st.co.kr/products/4018187854?inpu=&trTypeCd=&trCtgrNo=
118,셀렉스 코어프로틴 오리지널 팩 125ML X 24,"26,440",무료배송,https://www.11st.co.kr/products/4243803174?inpu=&trTypeCd=&trCtgrNo=
119,[신세계백화점][정품/당일출고] 삼성 갤럭시S23 256G 자급제 SM-S911N(강남점),"957,920",무료배송,https://www.11st.co.kr/products/5617341129?inpu=&trTypeCd=&trCtgrNo=
120,"스팸 25% 라이트, 200g, 9개","24,330",무료배송,https://www.11st.co.kr/products/3985888969?inpu=&trTypeCd=&trCtgrNo=
121,[ab.plus] 봄신상 독점 대량 입고! BEST 인기상품 모아봄,"12,800",무료배송,https://www.11st.co.kr/products/1970756406?inpu=&trTypeCd=&trCtgrNo=
122,2023년 성주햇참외성주꿀참외 박스포함 5kg이상,"26,230",무료배송,https://www.11st.co.kr/products/4115226069?inpu=&trTypeCd=&trCtgrNo=
123,[30%+T11%][세컨스킨] ~83% 특가! 노와이어 언더웨어/파자마/수유브라/키즈드레스/홈,"10,000",무료배송,https://www.11st.co.kr/products/1733853998?inpu=&trTypeCd=&trCtgrNo=
124,일동후디스 하이뮨 프로틴 밸런스 6통 전용보틀 전용스푼 3개,"106,340",무료배송,https://www.11st.co.kr/products/4410632731?inpu=&trTypeCd=&trCtgrNo=
125,반스 공용 어센틱 VN000EE3BLK 블랙,"35,700",무료배송,https://www.11st.co.kr/products/4931085905?inpu=&trTypeCd=&trCtgrNo=
126,"햇반 매일잡곡밥, 210g, 36개","42,100",무료배송,https://www.11st.co.kr/products/4855952837?inpu=&trTypeCd=&trCtgrNo=
127,연세 비타민플러스 우유 180mL 24팩 X 2,"21,890",무료배송,https://www.11st.co.kr/products/3830348631?inpu=&trTypeCd=&trCtgrNo=
128,[토토헤로스]15%+20%할인 봄SALE 점퍼/코트/티셔츠 봄 아이템 특가,"8,420",무료배송,https://www.11st.co.kr/products/5105700643?inpu=&trTypeCd=&trCtgrNo=
129,한국투자증권 온라인 금융상품권 5만원권,"50,000",무료배송,https://www.11st.co.kr/products/4534436600?inpu=&trTypeCd=&trCtgrNo=
130,[아모레퍼시픽] 슈퍼위크 최대혜택!(아이오페/라네즈/에스트라/한율/마몽드),"18,720",,https://www.11st.co.kr/products/1117907464?inpu=&trTypeCd=&trCtgrNo=
131,[10만원권] 현대백화점 상품권 카드결제가능,"98,500",무료배송,https://www.11st.co.kr/products/4948492102?inpu=&trTypeCd=&trCtgrNo=
132,[팬콧 주니어]아동 주니어 키즈맨투맨/팬츠/티셔츠/상하셋업/셋트/후디,"9,900",무료배송,https://www.11st.co.kr/products/2489412297?inpu=&trTypeCd=&trCtgrNo=
133,[본사직영] 제주 삼다수 그린 2L 24병 (무라벨),"26,890",무료배송,https://www.11st.co.kr/products/3917277346?inpu=&trTypeCd=&trCtgrNo=
134,[바로생수] 스파클 생수 2L 30개,"17,400",무료배송,https://www.11st.co.kr/products/2619185825?inpu=&trTypeCd=&trCtgrNo=
135,계란공장 맥반석 구운계란 대란 2판(60구) 파손보상,"18,400",무료배송,https://www.11st.co.kr/products/2733333499?inpu=&trTypeCd=&trCtgrNo=
136,한상궁김치 100% 국산 겉절이 2kg 그외 별미김치 다수,"10,550",무료배송,https://www.11st.co.kr/products/2426110530?inpu=&trTypeCd=&trCtgrNo=
137,[노스페이스 키즈]NEW 상하세트/바람막이/점퍼/맨투맨/가방/백팩/미니백/신발 등 모음,"35,100",무료배송,https://www.11st.co.kr/products/2479961438?inpu=&trTypeCd=&trCtgrNo=
138,[쉬즈미스/르오트 외] SPRING 봄신상 입고 특가!,"9,800",무료배송,https://www.11st.co.kr/products/1897904433?inpu=&trTypeCd=&trCtgrNo=
139,[즉할20%+쿠폰30%+T22%]컨템봄신상 최대~77% 얼리버드세일! 트위드/자켓/슬랙스/셔츠/,"11,120",무료배송,https://www.11st.co.kr/products/5185731322?inpu=&trTypeCd=&trCtgrNo=
140,[품질보장] 완도 활전복 750g 40미 내외 초신선 해수산소포장,"12,260",무료배송,https://www.11st.co.kr/products/5478218643?inpu=&trTypeCd=&trCtgrNo=
141,[대저농협인증]부산 대저 못난이 짭짤이2.5kg,"18,330",무료배송,https://www.11st.co.kr/products/3341102778?inpu=&trTypeCd=&trCtgrNo=
142,[월튼&마리]20%+3개이상3%/봄BEST/등원룩/여름준비/바람막이/가디건/상하복/원피스/티,"7,700",무료배송,https://www.11st.co.kr/products/292822383?inpu=&trTypeCd=&trCtgrNo=
143,KF94 비움 오나미 에코브리즈 컬러마스크 100매 대형,"19,800",무료배송,https://www.11st.co.kr/products/3809546339?inpu=&trTypeCd=&trCtgrNo=
144,[쌀가게][주문폭증/순차출고] 쌀가게 수향미 (상등급) 10kg(의정부점),"29,260",무료배송,https://www.11st.co.kr/products/3942835756?inpu=&trTypeCd=&trCtgrNo=
145,"모던데일 뽀송 메모리폼 욕실 발매트 그레이, 2P, 1개","12,720",무료배송,https://www.11st.co.kr/products/4643935781?inpu=&trTypeCd=&trCtgrNo=
146,베베숲 시그니처 위드블루 그랜드에디션 70매 캡 10팩,"15,990",무료배송,https://www.11st.co.kr/products/5023192052?inpu=&trTypeCd=&trCtgrNo=
147,"다시다 쇠고기다시다, 1kG, 1개","14,900",무료배송,https://www.11st.co.kr/products/4730648263?inpu=&trTypeCd=&trCtgrNo=
148,[5만원권] 해피머니 온라인상품권 카드결제가능,"47,750",무료배송,https://www.11st.co.kr/products/2770590446?inpu=&trTypeCd=&trCtgrNo=
149,Apple 2022 에어팟프로 2세대,"319,510",무료배송,https://www.11st.co.kr/products/4908371110?inpu=&trTypeCd=&trCtgrNo=
150,[노스페이스]NEW 성인 자켓/맨투맨/후드티/반팔/가방/운동화/등산화 등 99종 모음전,"26,100",무료배송,https://www.11st.co.kr/products/2549441617?inpu=&trTypeCd=&trCtgrNo=
151,[아모레퍼시픽] 3월 KB국민카드위크 최고의 혜택 구성! #설화수#헤라#프리메라#메이크,"31,370",무료배송,https://www.11st.co.kr/products/2217098035?inpu=&trTypeCd=&trCtgrNo=
152,"[물가안정 한정수량/1통당10,900원]락토핏 골드 3통+올앳미3270앰플 체험분 1박스","43,900",무료배송,https://www.11st.co.kr/products/104792525?inpu=&trTypeCd=&trCtgrNo=
153,닥터린 초임계 알티지 오메가3 1025mg x30캡슐x1박스 /An,"9,390",,https://www.11st.co.kr/products/3986070168?inpu=&trTypeCd=&trCtgrNo=
154,아디다스 정품 피트니스 헬스용품 요가매트/줄넘기/무릎/보호대/아령/짐볼/헬스장갑/폼,"9,900",,https://www.11st.co.kr/products/2031270964?inpu=&trTypeCd=&trCtgrNo=
155,[시크루즈]50%+20%+5% 봄인기 원피스/트레이닝 원가이하/세트/조거/후드/루즈핏/데님/,"7,920",무료배송,https://www.11st.co.kr/products/3204369862?inpu=&trTypeCd=&trCtgrNo=
156,[50%+20%+5%]모노시크 봄신상~ 티셔츠/맨투맨/후드/니트/가디건/남방/블라우스/집업/세,"7,920",무료배송,https://www.11st.co.kr/products/3525715120?inpu=&trTypeCd=&trCtgrNo=
157,[35%즉할] 엘레쎄 봄맞이 맨투맨/바람막이/자켓 등 의류&잡화 모음전,"6,500",무료배송,https://www.11st.co.kr/products/3280790048?inpu=&trTypeCd=&trCtgrNo=
158,[아침이슬사과]22년 첫 수확 햇부사 9kg 중대과,"18,710",무료배송,https://www.11st.co.kr/products/1102013026?inpu=&trTypeCd=&trCtgrNo=
159,"매일유업 상하목장 유기농주스 사과블루베리케일, 125ML, 24개입, 1개","21,540",무료배송,https://www.11st.co.kr/products/4726031078?inpu=&trTypeCd=&trCtgrNo=
160,국내산 오자환 오자환 300g 오미자 구기자 산수유 복분자 연자육,"17,000",,https://action.adoffice.11st.co.kr/act/click/v1/landing/clickdata/compress?clickData=NV_v3kOImscSNM723yhjF0qyaEBD00JXnkqmH08mO0xgQMIzwu6I7b6OhW_v_T4cIBAolLYFUjfE8FkZmgFTIEl7uQ3CBNfia2IggzjyY2ldWUTEZYI9RDvTBvYoUZCWoeabI5Iyr56bJLvsp3lFXLBTgc0obg8MiRHuF9qtcYPIApj-rvb53uj6oELxs4yupWBrP7ssBGa55rOLZi3ePImbbj0wSUDLpBG8uFX9_P0i8Wtmvg-kTGR4Ftg8uLE2mNL00pX4Ril-f2srRG8P3kXMzEtF5tyf2lg4SOSW8ZRbGInW2H0CBAa7q2BzT484Xr_WuWZKMrSdKu6_k1Aow312TVgk7HfyYiTce5CnYu6yts5E38L2X-662e2TLYwSU1HjwW2yzOsU3gcOgzff_hKcdsk0DbwTjsDQ-YPfk3ExjpPH7AKDO956V9KDtGmZNjWz2tLfry4Ptm4CloOmoVBaaK69mGIGuwEZPxRIVcco-psi1aP1HZ9JsE-VXbEExIfDrhygr6ixsCKCVclvRd1RF8e5M9R3XrRmvxM0Z2M0lA_NCdOiDlHNxbioXrNq4UwlfVYGENgDsBLiBY5n3N8FFKX74GaVBK8WNBXjpFBQeFCOdTD72MFTScQmxdlTL0OAVdnptfqTgz2sy8rGDv4t0rp0IauzdPnZBc0OqNIfJs6OpXx2DfI--GtJb4mIQJXsklXFvWDNSaHDQlYe2zT4OAtrwgfgkmq3xUgykD8kvecu9zPlVzpukwJo9AQ_5DSTurOWP8zhYSBUBPZWNBaJLFrJq1Zt20gJcYhdVjcKO0HeEsnHaedk9vgNwossjOqKI6nFs7rAnZnSs_wzjBjZHZ1purVpvF2t2lZ9etVRbzlv8T3k2G_fSrOrO4i0SoC7px1IpzvjikvaRyenQCVCqlYOy-_liiUjyuZi2LJZVQFaY9vzv3zl28VgQfGHJWZv32TN3pOy3C4DJ5MFrGCrY9LZSJELsBfxcX0wd-8&redirect=https%3A%2F%2Fwww.11st.co.kr%2Fproducts%2F1986781878%3Finpu%3D
161,뼈염증 조인트 탄탄 msm 60캡슐 120캡슐 엠에스엠 msn 무릎관절영양제 골다공증약,"35,120",,https://action.adoffice.11st.co.kr/act/click/v1/landing/clickdata/compress?clickData=zya6qbB9H4Jcpy0E1p6mTdZGJ67TaPOT4NtFFRUcgbJroP8sOIyXXtSFQ4xUQQZCBdkUoB4UnESqaW7Wxbfjk4hqasLdHyRHGlWKeO_X69boIJHVttJ5l9aaR182XhEloUA2-H9ZZqx9VY2QVtGLUpLh_uar7qZNpsEWs1NhURLGBj3ep88myh8a1GketC8cvmp-wWySXCDkaHmPrqLV0YNoZ-OF1UoLGXu2HMvDY0y-zVqQZpgTN6OjPobCFmrxOtQpAQGGjy_--a1L4DUxO04q3tjWkQLg1cpueS79IH08ToqtASVVJaMS1KxXpzo64bOxKW08vhrh_F6UqNX-jl_ZiyF993x2d_3ztMpFoifcjT4Ft8vyRXw3q0pazoYiIRDpHheTT1uyEiYG5Pgzw0653u6BswH1GY-UUAvdh2u7Xd3ycWfG0VGHWsgb58vUcvb_dBnjxlqcYOl20F0AOLGhkPd5_U1W-pzpfyD6Uio2xo1lbkGxzeRiUyAnddYU6Jmfjqrwi2h06cI9kF-PZyGyaCrL2AcOYSUDTr0-Z6xSdeB4yOopOEoVQU4mYV5_RSxetObgjOUE1LtkOX__XSB2jk-o2H__GyvZuAap6dLSMERPA6hYIiJm4-W98WKzU0yyPeHvXI7bW8CzvJwGgqQ2QkQva9S9ViVCaj15O8cNQX4K3FeADIrW0yEKFnqv4lXotpqLmW9k7-LQK8V6TSIEtZe4l0FDaVK0HZsBL8zUaOZi_-xmmDmbIgxTWXvAPJEguGEAYaW9h6p86PCsIep8yMTKlR5J0ZAFirNn4WKdoIMOdCsUprxvsTYphJi5AHURpHpA2ED8nuhYsfBm76S-DiQKVgkBLtsY2KSdi3T2fwohFi25tzmeqUbyUIRk8HyD7POfrpDn0guWnjWtf4-Me3yj7swykCrAP4xoCDbfnpPVgUEDbQ4GHo4o1RXXavJO_lamWTH5k1D8YduKu2QGW9VEIuwuo8s1igSKpC8&redirect=https%3A%2F%2Fwww.11st.co.kr%2Fproducts%2F5544232222%3Finpu%3D
162,[엔젤악기] 엔젤악기 엔젤 스네어 드럼스틱 작은북채,"9,000",,https://action.adoffice.11st.co.kr/act/click/v1/landing/clickdata/compress?clickData=zya6qbB9H4Jcpy0E1p6mTSuNmUR9YWHaD0h0G8j_SG8u0hrACo-TKf-MDTTuSewlJM7IEfDwo0cNXlnnZq6kD-_lD3y_e60f3-MzAeGRx8Zeg5pSV9WCb_cLeSBn1EUz_5jOpWoXhgxY9OQRPRiXeJujF4cE5qjcw2_vKFUE4rD159DD5tSCHzdYn9I1TFrOD7fDO6TdBjENoiHzpSg0c_xYi_6p-N8BZt98TAmk5vSCn7ftGZYeeAnQopbs5rfUeaNV9VfJC1xASHdEeD-MG4-fZzp7IPpRTafo9m8hkPxCMxf8kcgvHJCC_I4R7rbdpsSRCkmDNO-GjKI44fsjYk2aUHks5KmDPww793kUm6qJm62lV-vuupdvjE0SagFfLXfcBLwzK8BLT8TYHOqLwsHK7qEA0Q0rcuikXYN0LVaed8nGh86opZgJLGDWhL6pUgygvbOrMpUHR9CSSN4NIV-rkYTJTyTGBPWstCzJDcQqTljuUBkIdwHx7rHZT9I1eiFvz9WlPg80o1y6NKvW20tYV8wgGwNdnChWHF9RrIabR3T19a4BMMG-9FJDl_XYsKrK82Y0mI_mvSAh119ENbEDPfuNzzA_Z-cE6odwy1cQAYdkMUUgoeyKbbRuXWQ59CjAnmlmgq1JYTGpvWeKyLAKzPoh-pr5mlM-ZCEqjtp3LTEweHF-C4kNlpbw2w1fkMI8TP_Xq4H3C7sJvkLNzoZrYg5da1WqgtzO92_SWEOiFMJFmY2KtW4-aehlxOVGgOww-SVD9UBKmkM79bbSyec6I7KfymqJ8NZPno9OTEGXBvEqQHFkMgUGi9zN2RGCKBHxSc9XL80qMjk3opfmyEENb6ciGr4ELS47h_NoWw0J7e1Skd8cP5wyZW_mJkm5quw1PtePoyYpjtbxPLKCvoQ_ZRzBgOaXpdyvVzLbV1QojD3J7QKIOSjdICu3AllW6LZka0klodHzJ33JUQhtfP4-7rIrWY_YVWTURql8xPaRd-t1JrcTlM46C5_Arr2H&redirect=https%3A%2F%2Fwww.11st.co.kr%2Fproducts%2F4912376393%3Finpu%3D
163,[알수없음] 퍼펙토 프리미엄 초유단백질 100% 유산균 LGG 분말 가루 스틱(30포) 1박스,"17,900",무료배송,https://action.adoffice.11st.co.kr/act/click/v1/landing/clickdata/compress?clickData=zya6qbB9H4Jcpy0E1p6mTZGvtlwsEvGS42MqRGHArRoadikgLwXBJ7GBxTKWpNfSvbscCTKcWpFZRlV6osbR5nWDQ_3Cp0qKNtphLnLVCUjkL9EOOthWalmJhYGa8wgaCbivAllK1sx1Y-7W9YP-q9ItYwFHViCOp1DJylhkGLrrmcMAZ2t4gtn6lVHRcIegtpwmEVIcQPrqUIi6_0kpJT3SjUZwgbYR7L7zIpAFWbl7N28X8RBPUw1lqLY_LUxiaWKW-N0h4vV8JxYxgKeBwWBlb-o9ZS5du9eaEXCvOuNaG2jlBrS_uqPVVrxNxpZrdNenUaIGbd9V189qHN413HyKJP8WkI1v5I1eaj7jzfMuQrMnmWCtbUFffOlFmt1CjQ6PGsbociEqFwXhE9Ffa5U9Dt1uIE2C2nv8W6lgRr6yXTr_qkTwYkL9w36-ZjBFXAXtZ6bm2GP5Qpu5hEclJ4sTGmkbjXc-OJsLg24T29vrUlNpBtlnHOL25p31lHmjttMjq9JjdszrTx3vfIBRIdYCdakG5AlCriX814hV2DPHX_y1Sgwx_n87DSxErpm5xF1ZUuF73PFLjAA8M1t7hvObym2D2rgRWi-2bnPvh7fP-hjNoemxJQrF6hwLUM30fLPhjPdFpJgLyjEVhffrIYtOaEzlaWj-Iflw5wByUHUalPwWoVjZPdtfKhqJcLYlaTNENk02b7Gw8ay_PjAOnHUTAmzJs2q8kYss2n-QERGC4_mWnwAuxIpbKU_B-ItQVPw7LgdDiXzgN-cv8SwCF25gl86MuFhX-3YScuf0zwsH9RpMtd3LZBdTC9-1hJSH0EDORJ58u6EV_wxXevtWwM4YQt6dS_aaZq9dhePzZ1FRaVxFiQhxNcpzlDgssaj2R-Lf59h-pnT_SSpfmMP_ecBoApEpyVJtqSEf9KHQGglENteGJZNRHwwMlC6ptyLurwpTGxJtTKNcPTOvUc2ANVSbq6FkhuhFmQC1Hcs1arw&redirect=https%3A%2F%2Fwww.11st.co.kr%2Fproducts%2F3052682645%3Finpu%3D
164,원목 벽걸이 다기장 찻잔 다기 진열장 우드 벽선반,"74,080",무료배송,https://action.adoffice.11st.co.kr/act/click/v1/landing/clickdata/compress?clickData=2hii-ehimORu_Uau8pbN6MyKcFQJe_9fxyHx4Q34KyoxNJIB8HJYueqZp7QmnDzNGBQE_lKg2gFrIuJZXuJZ3ZvEt1IB_3W61-HGBD_wuBP7aWe0OW3quoQ0umVH4SMXqFah02FH5qrpOIAyJruhSBPQZyhLPe6biJ59gJCJxg_1EpKNBqja17N1atQi3zbCmuT8XdlhVRjrsJFVY3CMWh1nybZl3oH4W-akZDzJUlS1ZyGjgJ2VodMdYVQFQGcfsEkMy21hDl8b8lzrl00W1M1lfoJ7OX_rsFjlNnqtiOw4I2ltCgbY9FWqfO6vzu0Fcyg6j4znc21nPm7VvIxgHtaiPqTpE_QPzO_MV_N9U1cJAufhhGd1f72qKPQnwdeFxgDGwdolssFFkGxQmnJ1AUgImn3RlMlUrUHoe4uQ4LWAHVcx397Wn8weWPQGWh_Kpk5cBMADs1pz0nAEz8PQcBSW7mtOY4WP_qMkQjyglvh9q06Iv9n4uEkVA-OIuZ67hekTLHwh4eqWF1dnsYweLTOPpjSUIooOgUF_pfdcDzz_n49Jq9ak_52iFOhik0H_BCL48nFnbO7XEChaxsIcK7uqrXj_6OqXuTzeswSfaYN4tZkMLH4gVsU3Hndn2vC-aZeaTBk2D2SB7nx1kHYBybSGD8EHO7nOGYDlu23DEpNurVgDUfUDqTZwydUw0Dkq17vroSDJpobtbGDmPJs2z-E3ajlWKe2i6QYZF6llYEhVhR3Zd_x2pXzGBKkPIqaywwxa7dzWNdLSLeWYivNqVWsQRGuvWOW92tR9qgi1ihAhwe8O3wqqzqGSuDdKpMJvanYfnGFj6hK7fxE6j1NtghhzxlbbigIWWMQCGqnSbDHA_MAq5u71Mq9bW9VCNIZotwhdpvMYBTuYMyu1prxz09vWFySNeImzkvpTEJJtG7dzgi47aLc05B2WWXjldG9pi4n_nheR0Y6MU8s10Nb_K8hUbpZKcuwwnWb8R1yxTHk&redirect=https%3A%2F%2Fwww.11st.co.kr%2Fproducts%2F4890995378%3Finpu%3D
165,뉴스의 다매체전략과 통합뉴스룸,"5,000",,https://action.adoffice.11st.co.kr/act/click/v1/landing/clickdata/compress?clickData=_ewk68Rv_nKHdTJaUOk44FLzEVnr6cpxuUoSobA5pSAt6swwUpI7kzakH8N-b0JQdsuyJO0RNr4tNMooULLAEeLNzWIiEEpLfSTddLSY4A6fVu0aQsw2ByFQ-nyZpxas-D6mnELC9DxlgTlRTVv5oNW0ovQcP5S3LK9Y1chbfQU2EXOmFxxN9OQxhwcfcVL8exoLoktV4HnFnGmpYnZ-4QVEFZJkV2t91rDJBJNrxE3rtoOpuL7YEWeK6jwJEkepIhjiiZp0AkqGP3gmFB_bai31K9iz71CDTRwcC4Uz25GdnQqxyqZo765xVTnO1rKLBwE5VFZNnCh8dazs6LzEQK0uMS2kJ8RCTNPtc774ppmK81Y9j0kxMJM3uYB9tek2OsUoxHGMWexVRQlIN16nwbji4C2dmyg7cVfdHFfB_mbPPZkFCQQoqPp8tC7QFVJkmC5bfKfGzZcj037XwW0yF24zmlZe2E7Mw7pIrzhAtjcs3GlJMGLw-BrOM8xblUfzg7lHhsXlFsy7FIfsrLFpK4-khMuKC1yPH2yPzV5KEDdeNuGmUdskc6Vt-bO7wYQf8GnMAX2j6zKLvrM91tGIGMypwhqEf0V4A31h_8so_362w-yj-MgwzBbloAriyxXgU_JXvovT3NrvZBIWDO1MT-3sNmzhnQcWTW1VCVWim-aKsovk-hVeurfCTRENcynA78sKvR-UNs7fboEufBI8AC_ZT07ab06vStCsesbWEY3mHm2J3ea-mOAXdgA5Vs51AK1ug1pajxndWdHnE1OdSemCp68aOebydYMkZo17ZijLaLKiKNC2KTUbpxx4wQeIwCRfWCBuH-gM7PTyMEhFdIGZQiHhT1wXiltzmpoLfzNvomJf4vnnxB_w1tpssRZph-ORqeRLZBbTRADROQCq3nqq5qGqTMZHOkiGg-2w3PtEYceOCBMXBGBmrAqQHJBL8JmbGWYBNyWQILWrGbh15IVb8rU3s6REMOorn49sm3I2moD01qkUH6qvS2Cf7142&redirect=https%3A%2F%2Fwww.11st.co.kr%2Fproducts%2F5605743651%3Finpu%3D
166,토레스 대쉬보드 프레임 상단 하단 커버 튜닝 카본 몰딩,"42,800",,https://action.adoffice.11st.co.kr/act/click/v1/landing/clickdata/compress?clickData=VTq-hI-f-w29gaH7wn6Ufoi8BAPXuzWEWn1xma77E_sUbnlrR02hTeAyIXZPXx7NzU2ZgTzImDRWVOGkCHZngTpopPzs7THrpa5LIIAX7Du2_p7l8UBCDLoGaEarlPgAuyUxVFLesgCs0yR1L0oz5t1DgCJU2vC9dfYVNECLezFEtvLtu6iAfcaxnuZDtRYERhBQlguepPfgVYHNvQmZyqKOVDiGpwCsasa1A9EwPB5c4LD5ZjznGK3ej-0bWyDN-gYPp6_MF3xp38de_PLlYSQlCaJIu4woS7qKCi1ffGldPq5k1vHyVs-HayJMktEld5jRsD_cwW0o-9XawHrf7X7YufvhFxFR3XgkYD8MoKIzo3iiu63SwT8VGFpm8YenPZn2Giblss3Uti7ulTS1WVU-aSDHy228yrv5no8De3Y4euD7NBZiIBxFLe_zFLFcxY-Y2uZ9et6Kd2ZNzye6liq-yDjcL4FIycrVaB3fjxKiPU54Z5cdg8e3lJWPc_fiws05yBiCYVDkvruGUrR3H2BmvVnApzLIZu8uwVcBHBHnDueLrg0R082RbQtirDxDpI4pjZUgItJexbETdEU0UmcyOPs11NkVXSobkEfoiyCCPlz7z7KHkbLtzZBo3SZmOUk6ptRPFlQAfxwzMBtP-gjP3qFrcuvyp0KgQCGIOSkcTb_a2y7DXzSMnW3_KNgJVlMOdVXGVYCinmaK8pTc8Sio5ebBqEo7tlahcJ4i3Q5aWlaJh8IvJ9qbAtHGoGrPlRvHMro0G0Ua4aw8TaXjq7jL-E70NCkB_qTVSPocMWji6bds2IQfGsbpWmpdINPzzCQFua-FyMRloTEkRZ8XrAWs47g9H-3f9yZx_NAvneMQDr4pXT8CgqY3wgiKokXKNoZkfH6nFPXG9l-RlGUjoKFHwz8VIv4pzDiKHLKUPuqjCuWQx1aFNCLGUthX9yXL1IV8BjK-zOQVAz2ujrcSe2qS0mHDX8rA1g3NDnZqf9Q&redirect=https%3A%2F%2Fwww.11st.co.kr%2Fproducts%2F5031515411%3Finpu%3D
167,로제르 니치향수 블랑쉬 지속력 좋은 비누향 살냄새 달달한 바닐라 코튼 명품 수제 30,"18,900",무료배송,https://action.adoffice.11st.co.kr/act/click/v1/landing/clickdata/compress?clickData=zya6qbB9H4Jcpy0E1p6mTSOtbNrKgoyzXphIrPWs7ZAop0Nfft8rQ-Mk98B-GbXmXLeXocSQZ0TTuatRUXvXY5DkJJ9gPjOcmcXcIshU5nqVKwGrIzRoeSb1u5dzRu6qv-soF9sW6nVKJad8V0pXl37i2jc8-jWFW5HAoQSMhgR4oc6woPHzg2EoQxh9qq6HMqTDWqJXeKfPmQWtQ4kyypeBBAy_2t_4y1nHV9NjOLDVGVYbmDWXK4qeSWdGzbLVTqubpPQ-Q-Ph3i8rOW5FeTz_j0Gzg1RYuJB3CqszVfTC7bIwGyfKrZlGWq4utlt60eLOES9Lu-aFg_2D3lAuMJXJRvIqFVYrXoTebQE7NyTQd-FESKrRzxLMSAWgl-q6_6jqEXvD6Jb79tTzC6DNuG4hrRitNRM62CtXcebFkdSrZqQSYXCvo6yeiad2QbO92jXerKGF_BXk7LjULBbBf4-1Q3iK_UtneUCMuXLlcOP5tnmbj-EmDS-DQZ_5XtEhEHFOmpOlQqPUWYvt-A5W61qNENyZ8cJj2BrXkVrUn8tbQRdzXIeP1C36Slf5aljkkFNgWk-_w__5KryYHqZ8UxK0GllyJPMu5EmhD3aCdo6udsOdmrbCHOo9Mbo4_VJLkkN0MGZkmvkt38qaVW7HW7rzNeiKj-WPBkEfp3EjY_5Aco02quqIs5OKKxUalgaA5gbADZYLJMilTOwDO3k46tYUg4j8y7g9HQeyGRRrwsqvf06sO-ryHbWFwLxCs7IwChjunUznL5AbTWMkr2PUvwYvQCEgNb3SlZzF71YmPqncu1j4GxMvoaCRce5WeLringgPrjyS33J-QTpUEcL5xhnHV7J3Qj--19OD1Vra79zkGyR_Fe5rdYOR8TewqgrBUqZVvvtblCWukUgRJLixwIkqfzTT2xQfYWv1jyUXcs5E3tHqPREj16avzsKP22TzzuSnEPYOK_ZKYRWllagtnGl83HGfsG7MY6tXUWLQ_pwIZ8PaXcsjKw_JzhE44OOo&redirect=https%3A%2F%2Fwww.11st.co.kr%2Fproducts%2F3199040503%3Finpu%3D
168,[예님푸드] 입맛을 사로잡는 매운맛 깍두기 2kg,"15,500",무료배송,https://action.adoffice.11st.co.kr/act/click/v1/landing/clickdata/compress?clickData=zya6qbB9H4Jcpy0E1p6mTfwpOC1CV6pEphMEdQsP-eWE091x4mKnoew65kbLfd1CAFosRS1wVLhAJQG_7wpAmtnPWmXNdmXCmMavqi3xiQiVjV_8wrLV1EKoH304OGVkd8pQRKqOrXAaRM1yHZ__Il76nrxacIbHjs3esBr_9l5RYb6gihAI-NFvz9Ui1KG6oyqRVeHRF9ndVrvCLSoGF8BJShLWpW-b5oivAmSrwsh8JZOvy4Vr2C2XFJu64rC9xNK3XS5ied23lv0WhqqVDrp-pi6QTvrjs8CfHD7UCv-za231rOXZUbIwjySUlxaUBDbESljcWqsL-vbLqe_SBVrMGJ1SHpMm-9tkWSNz3i8EQTBAwSQaPemNo9IkH2tSrIEPYW4JMLuy3MMV2rJgoUIXgngpMmnh7_npa90VvBcOhP_5ZIX2-ANw3NdkK5Yz6X4xw2Oe2hETWMsoDeyxEX_BFD_yqjg0l7Set_QJvW46g-_Jv5H8CMn5gn02DWPFY0waLvbEjlztNa-9qM_frsrJ542HisGhz_OqPGB637nIoe8bUuMIocpBimpAcogt8o4_avZ41ExwQCIt-ms43AG7LoTuU9FQeGvqAV4MhvOIB7FqLMA2Ma3B7vwcPVqZkfOyxJDUozJwwM5eOlyKaPuX-4Cypyyoxsgs10t9STL354IIDWqH4g3Li4H5j-keK9zOg9bqTHhfzafxqp1EOJg4bzh0EOWu0Qj5RC-FYKjo6szWvUp-1QrGIqBLaRdo4x3-mwjoDjsJx7Q2u2NlRUETrOt7Jho4unFYQPdDki6DkcouHYUbGwfOm9Lu6YM4BVR_mbCci4OeunuxKSdjSRSLtC4Pe9_Qc_MKJ8pCM2M9cp6t9Q9hUQ7ChSK87KPDyEdCTrt2Izzld83Sdz_5Z08EinG7ElZ9nf5YbQ5wC9ZgVQ7VCl6gzSs8yaMic-2ZL_hfxaSjFXduUpRjs57SNNMs2I7OJRIzuqx6J4VY7mo&redirect=https%3A%2F%2Fwww.11st.co.kr%2Fproducts%2F5397492360%3Finpu%3D
169,여신을 찾아서,"17,550",무료배송,https://action.adoffice.11st.co.kr/act/click/v1/landing/clickdata/compress?clickData=dR_4L4-Y_yIolwwzJuad9mNE9LBtXL3yHS04C3_yOCdKegPF--WImJOJ39oLt_bapeYpdXLeQ93vjCzIzhnSxhxPVdGGjO38EcpWMeYKpwg7LtBqC1B7Tz05x4jUKu95bYDc0VQQu0p-HrL46xrCBJnX-b6BZdVqNtRPSEBaxeIaLfAwFckG5AIt5L6j-rTrdBnDoeHHyLVEGsJftiNRD_KqoDN-fHv3e_umATxatzJ5oU1jExPxlVHZcIyxgjKIP8u6KR7WCrIkhhISwIOrEC_HW9YaVY7XBw5af9SC6iiNRSTYQGwQtLnKPBAyiIJxh493rXbdqyJYjiyiRPpRVu2jfMUnGlIf2Jc8u-RvAS6Z-8Dx09KIOl5nD6lmU-iOOIYj6L-mcEEx407Df_qGB2FF_I_Clv3YFqno1ywU5wfc2AEC9cI7IxKc7exvT0Eu_QjN_vlzGsi7PeednTY-jN95cFFJSZuSPRNK_TrRlYf8HcQ0gjJN1bIPG4vRiC-k-3_xt9vPHUnRbyvKAT0s6RqVibWFYhH5I3Hw6T1xntHzv7E9p_v_0pMPV9cBVawcKfFKQRk18Hul3Vl4-UQdqlUoN3h4QDK_1_WeQNUa5qn3rVmyDaSv2YPfdbqTl1tpIxUaVaxYFVe89AGQ9ifOuMJnOoby6GGvFreRda7g3n16I8t3mLnT1uUMmWH_2fLASokt47111ntOaRVeI4DXlLeMEFdOKS6dU4P6rhU3rsDZ0Zb-bCKEBQm7wUUf9bzQLVrvlimuHvuyDqGAzBNKLo40ebvll-VkIVt2NJ5RiOyXInLbIQe_IenIZD-R-VoDoYULwIxT0cS5NeXziRnUA8Y-zpDFi5ujsJE0rGBJDSE80fTq6wCV4gQQHJDx5RbeI37iA36Xvx4B6VVk2DegRD1Miwgu4zly-JvXwu8VttsIRdceGn3uldMncDNEZEYDvUgkZ4rGnbG2_llJZAT_iZT5GtjAacMOf5CjdtGqKdo&redirect=https%3A%2F%2Fwww.11st.co.kr%2Fproducts%2F5567056541%3Finpu%3D
170,수열,"8,820",,https://action.adoffice.11st.co.kr/act/click/v1/landing/clickdata/compress?clickData=zya6qbB9H4Jcpy0E1p6mTRsY-BM07xZ8IIQI1yNmpLR0ZlIqwMvTFv6JdXoUywx4qQ2gtWwHpqfGJ3fMOy4W7O0JoClgGMuLNoS-Ie3-fWW33ff23VlsqDjpuY7_CNmQpRbgf-HZYMqkgBJC3v3ZwumbVPN57u_ToBhot0YosMEK55QsQQJQbKWxAQKeiKedroTOmbquDMXbQahuNAWllSC98Xa86ZFuudh-BI_N8d1UopyDuSsmxq9GVhHpAsO9fOU5oUqxeT53kVk6ksDvoMfM1QQ76Z6Y7VTFR00XHDiAqvqjLDif_dlq_uZJox0rCOqdqF51TII5w_0oIjbyjfdqVAbU579xyQ8B3LomNAL8JwA9-j6-gf0Otm3gNgfB10ri6N3gbC6m1PMEoSqyFWT7DLnbnpOddGtmMHwujDgs8YROdzHFRcE43PJRNnhvFb1xEuCqgWm7IDD9XKbu0VdptszjOsuThRKuKovri_g0jZJsd0c9i3hCAb7DtIOmTNgGoaWCZ_GT52vFhV8H8vT9CstBMQy0Hz4nsZpDRJK-aeyCsoTAZcQJnhRN-YTCyY-awkogX7gH0y_i43yIcTXnss3jj4UGTNe3tSntRULL6ATrkeakxoq88XPF4TIbzPNcTYNV4jA5d0Lhc-DdhYdz20lqStWkr6a_aqD6q7NTeCTEuckBBzZX-EHVUJsZCW5kOB5NI_Bz87Gkc6HsujecitrTazXh62huf7pRXsX4GcKgqPM-R9_MODNgsXIobUAmzSb7_mrPi3SfMDeYNYJQiM6SbjkNRMl6nLX_dVxoAZVPrqXIL6VKR_5QbLB7W1jSLVI1u-mFV4_Ph4Wo56-1xzwuXFv61vJIGyNWjuwn_-vu1Ut_rOUaqndZoumPj2jymkldns6LHnlf3nVAnLqlejZAP2xh1J3ksuBtQMcJEA8gQGyLNgWOraTf6CsvxBSDfGyDHOrd7K_DwAW1B813XmVi0HjskjDX6-aworc&redirect=https%3A%2F%2Fwww.11st.co.kr%2Fproducts%2F5565588421%3Finpu%3D
171,초등 돈 공부 골든타임,"14,400",,https://action.adoffice.11st.co.kr/act/click/v1/landing/clickdata/compress?clickData=dR_4L4-Y_yIolwwzJuad9nuzJrYjDFbG-RDsranDJuPhslUioAjGHxYCp3QPw_zOjdo8ZaRLyoOFysCYiwiJnxS3883S4EU-kpHyFijKQrD8qyPQrh2Ty8kY3dm4h7s_VLiXo0Bq-FeaWGJYqYoCe6mDmOXWNYP9SkmMtV8NsHYife1gdMk-JdFUTv44hUvIx-Ci5T15b-vZbAJDOt9PfRNyKpqQ1oaNkIjlYBkb1L4pKGCvLj5wlFFoApnT0Y8bqO6XhHR04hvBJzY7HZb6Gn7yh7eJwuhVvhDuhk2iVrHfJsN3NXnTx-FOROoqMCft4gc6oJlGJbEzZCML-6k5lPOjqzwxqIJhn9Vys6YVDpxzZnBAQ2-8rFKZq_41QqwA9R6jpv9JiAi_rqE7giHhgrvqKPgD3sjYHQzV0UAj45DY4B2x6bnritfsmzg0GvUckfuLXOW1UuRuUmumNFrh3xLxIf32wfCIqVH7up--bjuamdumgFc8ay7GjKozud9Jw8HybXLiS9fNXKR90JrD1Ge68NIqr2m2XLSzD1nDf3tF37NBkFk7cCa-D8kD7WreMlN0xJBiRPqs7TjcnmqR80cZzPzuBfCfwppzdrE1nh3wT5fliQKeP85CuB6IP7_1WapMRYzQigf23aK4pcXjcwQJTT9Z0XV4UZ1NcoiafeJtG5FoBWW9k3PSbdKFQisJSUoOsEWBhd1ZyYRTzgZ-A6b6iP55EeV4fhpH0JAEBY_ttQQ-tbsYLqK8ymQlBFB49WRONZyGMdR_HPsxnhKaCOwdlsaKpWBfViYHrzNlNi3a-BGZ70L3IfuiwXzFCoiVI8zaYFJYL47DjQMWApDnzZ4WhtiDiAI_3lw8ntb2_QSscYicXrCjnSaqFs7AcSNtFsRYbbWv_iqlxUXJLFc30wf9tizB_fwP4Lwm3rQlwoc-EqvvHzry4D7Y6Y-XvTjNBmSBS-ZCW7VSC5H4Y4leGUcoKdsGsEoBb6RFUYtPKWY&redirect=https%3A%2F%2Fwww.11st.co.kr%2Fproducts%2F5565347007%3Finpu%3D
172,여기는 그림책도시입니다,"13,500",,https://action.adoffice.11st.co.kr/act/click/v1/landing/clickdata/compress?clickData=2hii-ehimORu_Uau8pbN6GIzj8Qt6d3S4LRycT6KrwGvHGraXFPDfj9GFYAxDNNUtZwqcJi4O2kjc5nqBkO-frw6U32H6gWEZPDMCutMl1snQVSBZ22qTvJiSjxQ3-oEDnCxhlk1JpFXNUyL4XEZTjjTjDwWM6yiSysyr4wK4i4qGyCOwVwxMq9r4BYyA8x0cWUtfD5pNcjEL2byn7J9H132TYr_4N6eVRVzJJS4r8VelAwXTfY_RYselUrJADv6lehAHkp1QHr36nQFonc_mRA6ejPOHUmSfj6Na9BVTwnm3QW3GjUKN58iOJAnApUPtVcNXP31jgSOv9TZv40MekqCHrlCRkpopvkBk8GX8oau4TylwwIQu-KJDDgCeMZ8HPQoAUWl3GUOnc3Q0Z-tBmvDBt4QPtmSLmoSKfzRN1kK3yoO0jolESjHDcBXA1gum2XT6G5aP8qmaFiAQyJe12Vnvo-bfO2oSn6Qf8i8WV7GogHd3lQqiRrSU9N7Lid4407et8pbTcyazj3NGbCR8fDOuTvWeJJvj4qTpqo1FAcOxP6h_JqxnbLXZvMdWS-gJ-EKLeHyA2gUm1ErNL7F5kYkjyxBIWu7c1c7p5TNRAW37Ji1qdaQyHl95GNnrYR9gPU3nXbgL2QNS_JBKkys_NDMIOf0g23eqc-eQBqZObZbqGIyOwZqAOAfeRCazH8D3gTP9S_xWDnby2YdDlhiiGvjUyo8B18gbfXY95o73WxBbJgQ1iaJ7MA3aMsR1u-Yp755fPOYTXgZdNNzZQYG-PLUYywgPczGTUp5F8Mu8YDu9oRf9BRaDa4HG-THZ0sSFURlJvjNjs5_NAz2-mXHJFdOciwrqmT1M8pq6Bsa8PpP00xqbsvuL3ofmr3QSRbdc9f4b5_S6_F_YSWfHE6CJk6G6AZCk0NPxHR_MvBiYmoGU6o99Woo7p5fIeo0UTynG0C6qAmF1MNGJKXZkAhyjDnLAW3kP4cS2qHXXNG3WN0&redirect=https%3A%2F%2Fwww.11st.co.kr%2Fproducts%2F5565520482%3Finpu%3D
173,후지 일회용 파마지 3000장+전용케이스/파지/파마종이,"16,400",,https://action.adoffice.11st.co.kr/act/click/v1/landing/clickdata/compress?clickData=NV_v3kOImscSNM723yhjFzYoYWkmumdpU8AANVy7XbLVYdDjreqZMjsB7a49vtZJ3gdGMPDv8LEpa21b-m3BntXJnKk3RfbnDnA_BGACSI0L4LQjSmgzIrfUNJFJqXcrBT4k3TWEwt5YuIf7__VlYBqjv0Tb40z_Q2mLZxZuszhp0FxLlEo43FJ1gxnLRhu_P6f70vlru5eZRUeqbmS0ENgqW4SBdd_98K2xfjA4eWMxOS603pWny_aphCbVoObUt1o9zCqvERpzp6dzkrzAZjwlL_6asnR6GZJWwaovtSrI_6yPA4hm0JPMhOrXGhmrp5ZMu4LUdq4TeYAUHOFLSHT5xOiqKXh-OUVp4GfDAtEO3BshQmV_9LYZw8T8eTgfKW3PBIstG8uE-a-MXxorwg7tWHB_a_aK5nWrXMZtOxh3AR1HAP3QizjbWCeu8czOUO8OrGhkHfELmaM6eCyYlQoZ7RQI-6m4mCIFBSO_xd51tu3GE81opLNnaizrhYMhssEXTuDLzoVGg25AUTE4TcDo3FqEDkl4y2kuZibJTFih7up6rSjU3mIW3YWc6F57TdSRMU6zf1-gtywP_6pfu8nojA6m6SzKcBZCk5dv3d6vjPFeNuEHrwub_XpZRyE8GuuHTyqwp7n29PGqA0HF-4BUHl966dJRIvVx8snD_zuCSzPtIvez8Z3ai_KZHoR5bBTVbTUZALk85ZF8TAJJhlNGWkI83K_6OHVwx3vzDUzkMPf1TGNIMbQihKOt8bHrG_DHYx6Ij8G-5H-oP9X7eucbCScjUsn7BgKz6SRfhJtVbTo4vU8P5VMk27ZNykEAPdSjQbz8XKym6QEu69KJApwzQ3irEbibpzGSJ0X1CNF92TxZJs3uB2fIzLhe26GdKKBN0pnwcl47e7LaOypyv8YZ3TZ3xsCUXUWgaDrP7AXOOnL8jSD_dOCFj2-NBY1Y0PeJa_X0Qd3FoOWPnG471oP0DTqXh3FXIXI0e3YfO2I&redirect=https%3A%2F%2Fwww.11st.co.kr%2Fproducts%2F2674010691%3Finpu%3D
174,SMATO클램프(DIY용)SM-CLM20/8,"9,100",,https://action.adoffice.11st.co.kr/act/click/v1/landing/clickdata/compress?clickData=zya6qbB9H4Jcpy0E1p6mTfBuG_CXE8auF4dqzEEx97pWJ02mjlr_Zq2njYe7ZxJGWkjcC85GHiqA3Bkljq_NsIqve_0WRHVS_hwborrJLmVz1-Z2y7OHQnFeYFRkb4GYrprrDstQ3eFvRvKbYOmHAGnupCnhddeaZPFhpBgRL9hgGLlKeO3kg6vKSnLTnprHXPl-IH8oPqiG5v6aigp2q7tiJ7tt9xarjEz8usqqPxHDdo0Stk1xkq3gmEbQZJxUHBTq4OLg2CUJjdgCxQHD-XTf029Y9qnoTbIJ5yx9LB1127sOsZPtsiLnaMU5K_c3Qk8sUHE4xmpAeaRjIBVRBgIF-upU9bpr7HHRrBWnADQfJOFqAjCZCgeNwNq-JJURB1WGjBUrneQd5y0BW26QT5OXJCQPYAULFsnX1MrNLofC4wZIsQZIjkz5l_EwxagaWRxf0l_kShWB5iQwJYxiV6YPq254V3OB1uHYgHr1B-OX2X5KNHcngmIYV38F89Kr-tLlhtqcWGiKGvJ3SG_gLF7DWzlyZFoMdpeqK5mdzqhuGhoclfVWV2YPpRMEQG17ZFyD51iirRr2s6IVTZyH1nyliG0SG5RToBEYt39zh8b-5lXcQ1VQ5-YiKJiStv4tDg8F6gv8oWRd2PfGaKezB2yuXQ8l_2aiqbL5YVhwmxIcAdh23LOrRirXF1J0OKtogvZg5b60yFOGf955I7gc2_pUTR9Awd0bJK7_F7dBgrBVKXQJDbl8IOYbs8RhUgwrFtlbywL9KKum8qV1xoZn8g2W4cwrU5LRRvVsX7_0Uzad8dqZoFC7T3ALRUKSz5tu8Gf-hcgROtxbVj2TPwcHTawFLRUQSQTzhRY7vxMbw21WccqTWB6aRtFKrDANVgqQJp4qy5c8-hA02mh7678ecKudgxD5zYfCGkClG1Hc_0dWH4XwAmi0_5aZnN1P-TeAOwHGryy9H6x-kNoXZiOAyMgXhPhVL-lk4WDsUnBFEeM&redirect=https%3A%2F%2Fwww.11st.co.kr%2Fproducts%2F4031028318%3Finpu%3D
175,[장아떼] 장아떼 조 쏘렌토 마그네틱 파워 네이비 블루 EDT 100ml 남성향수,"19,900",,https://action.adoffice.11st.co.kr/act/click/v1/landing/clickdata/compress?clickData=VTq-hI-f-w29gaH7wn6UfnX3PNY-JLE5OVXcFEGdLaMaIuTXrbZLIUWSB_RQAdPf_Sb1mRjPvp2pWo_f4VrQfu3Ml1wITV8t0mh_P-B0bdK0EyexiUbcer2AEJCLU4dR3IGlJluJk82b8_ELONTKd7Ph0SBXhqsMJ30elHnWmxKCjN8ivtvDRni0HrgBNYsKMnvnD_QrhHMA2PfwLP1FDPTWwB4drWVNiEmawvqrgc9djFhcy9Ef18-bLZmdGLo8O3_xWrgVpM254nWGIGFHzed8FssRH2eQebFfJEc8qUa24_JWRo6WnSVc_3OdOLZfQhucmuIFYOnhgsHq806AGfFqEOi2IkNU-TH7-Ue0n32UOWxkQvGPacyHl3olY0GXYD_IrOVzYWqJPtAXUHspkFhOA9Mu3rl92Z_s59GNnHhIeqHZ7DcOmQ-sL7Cpz3kBjAoZk2PQUJEGIV68-U6Eu4q_gob4J5Q5sOfaE_2eV6J5D9co5rgWSm7UO1X1OIAzN_aoCUasVjHijLCxbmAnWlKgFkPHHDrHbWibXlPDouTsYACOjJOfusWhD12D-cgFADeb_eV1rbX-Q93LUixhFIX3pcseMVLIp3OQZPSy7Li1Y5AQ-p9DUzLimXPxcoWQ5cu64bJUkEn8pNC-9YGeomM6DkIjnMvBapns7k2XmBaKDypXq0RQDgDqwwP42t4jFOUOYWIsBvAygBSoxoLGYzFiBdlvREpFohaE9cTCWOC211bACkxwKKPltHc1QO7kG8JP80n0HCvnDY1FX5aQHX2fseHAqwaJzx49L5qY_IkAcuiGY3AD8nq14oVDwJvu74pj-2cEm7vK9MPkpkNxIFzLP712wrtRWPy-11ZOSaGKZQT4D43ed5q3BO4oQA1EwKoOu5HeWjTxiss20BOSY3EHV0GLghaMld5a40qozGr1ykxuYon5WAdw5scg98ioWOTd-gl3-i2oMyWzX7O3vPIrzfTFQqPcecWMjzsiTP4&redirect=https%3A%2F%2Fwww.11st.co.kr%2Fproducts%2F4211164179%3Finpu%3D
176,하늘호수 한방비누/아기용/보습용/탄력비누,"7,980",,https://action.adoffice.11st.co.kr/act/click/v1/landing/clickdata/compress?clickData=tetXMeEuFYcLbkfbgPzh7LclvVtZTe8xVgnx5Fv2ewQM4uziHhrffQIMOYAU72kayQzGAIV6birJfu0pyNPeq4x8B_e7z25JL5yxi0s7qmxC1UtXiASSEBGAGn9E9C_sAtdJMeYvcORSM8DxX92lkEC1QKeppnkPCUmeTPdeJlsSuxYAmeOu6DPdYDTJsKVblUq_S0MpIL7c8gfq-sAIZlXy6Crz4TjW7OtCJN3FHPd6sOgtir6R1w7I9v4zW0G2YsQBivF13U2IzbRZpuuZIpkiG8EwPwd6lfI6JWCnVR89hztNiFLDQoVDoTegOKBlAOKOnANLQGmWMLbJg7UrzQnmFieEUEEsXE7Wp9PDfvP3Mu4GfuXLUqZGIo75c9csvINRzfAH3xvtF5gQ0yFi_-wXL6_eMi_hhLciKc-mGUZs4ryfvAajH1jD1sunvxejBOf8CjUAwhMrZTtfw3vuUFeDuj1AwixVgcHRtaoSmtorv6KF_u8okDN92aEujYhcuXdyEKBe-Bn12ar9jV_cOzsr_OKIYfSwGX2HjTexc6Qp70W6jPgteRvj4UXtLiEIvBJb85EIqd1ZGZv8D6biAbPf_8gVn3pfBBe8HFMRwmn9icWADU37QuwtPMlEjqZy1CseciYMfgvbK61Rg_gnN_0-TmQmP4xvkR__3M0O-LBo-z8h3RLVUj8JUFw7LSbfjMwucAFPjs1pb9jWdzLcjlipUtljQ7WJjso7i9N7CnWLFoHD02T8lnD5dT7rsy9TAMUB_h3hNvLplngAURNv9bIv-h_GWrpwHSUORHP8BagIU6nQeiAvq7KHHpB8IBZxt4LT-sa9mR-FkzvL69yYr4y3L4lfWty8HteK7udkHhJ1aQWZmZfxnEXX8MMMEZWttkhnS2MZWwExoVwmySSvhK9g-oNHBd42HOFnkyZy4QmVgIFuvCm3VjVsrcaPQz62j5aPOOVP146WhZrOjyYaqR3ZU6NyuTXKmsIuZurWWzA&redirect=https%3A%2F%2Fwww.11st.co.kr%2Fproducts%2F270340910%3Finpu%3D
177,[M.K] 스텐레스 빵 집게 (소),"1,100",,https://action.adoffice.11st.co.kr/act/click/v1/landing/clickdata/compress?clickData=2hii-ehimORu_Uau8pbN6O_LGK_8aIDrwSU-5mXk-0FQQG3YopzIo6ZuDnLr1zHX6cB6uQvdkN7kSWrpFYfvq0rLb6kiEgLBg4nw-8PhQp3ish3r20rHa5ZUR-PbtMSog8N2TWa-gDxgF380Sje-6Z8EHyqHl4hJlnL9RMLMCbKsepp-G_wc5feM1c3ZvGv5zMF46BeEbBvPM-oKMJrbQ6XI3S8K2oDCwTNzFnPNvmVzbqKdJuU2HrTmP7IL0xcqtAMdGhZtwfrgc40mBkqALbu6xiqOeQJ4qVMnyEcuOySxf4RNeCN4GaSzF0mIDwGE9PBNukTDZd6aWHgHoOnyhLfbde38flGufsCH1iYq-OK8LuM83S1Fc0lXSAFQMLoA8XuMhmeYvO0cruMHGISSMNW0Y7qHXnecLnKtnG-e6y2aZxEFggS2OLKFdaiKPST9AwWU2BlCeNsop7Mwc8q_vQxeVsCgiyp6ObQ3FSodLbWtLLon51oKY8WJ-hX0u-wUaC5eME7WG87NrujP3riytrzWY3wuGT1g1GNUDBQzUdAGJqQXe5j-Hzzxq2n55tsaVkT1Db6ywaoMybAnNf5i4TtmCb9JJOJ9Qg2rykcq-QHsBpYTfsh9BzRNKCQJT92ZIfpWONeAOPUgrwZ7XsCTptkgAiLDvWFyyA4hMqAuaJfVgBju8sF1eZv6X3Q_3uRGryebl-OESMH9CipqBAQEyt6EeZ8F1x3jvXNaWNJ-9x-U7kqvWit_d83CJ2pR6R5RwJM8MiMuWwdPYwRZNqEA_dhN7791jym4gOrYZoEWLCDRNnttZHbw1gGwdRgAbBbdANAnb9DocC_caoInUBOJVY6F6gGV5oZLzo8R5ioDk_TVVmFG7TXbdfJyQR4yFt81DsbTq4XlKXNfTlIp1sh1_E8c2XaRI439Lo-CuTwSmKUb5UVxpsveKWKBTN8iTEHoWDonStlXLg_n1Gg-KIXDdIt790swucyqwJt73egB2KiubQPvUL0YFb-7oA6TJBXh&redirect=https%3A%2F%2Fwww.11st.co.kr%2Fproducts%2F3308881621%3Finpu%3D
178,세계를 바꾼 아홉 가지 단어 (세상을 밝히는 지식교양),"15,000",무료배송,https://action.adoffice.11st.co.kr/act/click/v1/landing/clickdata/compress?clickData=zya6qbB9H4Jcpy0E1p6mTYc1MaC_1-mz53Vwr0tKd8nteHEtnprUO50-FcWZaV1ceL2susJ50ySXE-Cdu4GyXW2xQOM-b78hd7lUiIo-U1wqaaUoTvpQ3JsvdkNBwYE6IvR36hDyAQwh0buheNA12rTGYIaEq__eQI7eorwd_-6B-BwcO7rmJ0NjefpFdjc_GEY9Bih1p1OFC___DnXzIaq7Gv-Yq51e4DsgYc1Lq9esGAuaUY5XJ8oaCK6AwFiyJVPGPPvdrisD4fh62Pkh3cIPn3nAGTY8ORtqS0XlbkMFfosvoOmXFYI0RwTTKubcYeg9pO3pEZFQZe-8Bx7SAq5EdJl_Zo5Ni2unfdz-6sCiXYlmwIVIb2RkKZO3xKbPEg3iSKAcaTun38n6aK1KYme3SGLnXdX6cnsHl2-Yy8i_gbdXNKs7_hLFkejcdHWdZaNfvTYhsXyOQcAUGLuEfa7Qu1UzEbXs83y4fxtQfvzSojdn1DYzWJ2CwWiDOmN8aHbyFWOmnHCwsTZNKsE23JpRAiJtV8nTjVhRY5VlvuJ4joeczZM4vsbPPvI3mW4V9FqF_ics81CMD5csN_1Xn-QkIbUY-CzeO9s5twQ05H82nhEUSC8QQ8_McpzJoZxx18eAXY4E2YXND7PW7DnWSUxR_vuU4Py3ywk51XGbDQkf1pmrehh1eBEYg8DEiijJrAKBj4z0gBT2ag8G9wUDZqyavAhVwKl83qsK4fszkqWzvDTgytwsejMZrSlp6wDI9DHIjcqyoEr-lbRLSG_4LivKOL8KyNPiYagf9LvPQIWbfgvZoPMgq4F-1weEseyVwn2FdXMMlRgx2R-XPTNCBsE7DzNtzO8Bu-tFEKP7r4gN-D_Epxk5TLQ3YNP2SoNR5kqw12f6SkrfOS-xT9rPqfpc-08AKOnDwuUPyAnZCgFMqAYl3l4zLQUXLweSgGclgIlB5O24oOw95rKLFLIQJXdFv45JxpUVJlyhdr3YBiE&redirect=https%3A%2F%2Fwww.11st.co.kr%2Fproducts%2F5568631176%3Finpu%3D
179,어린이 대학 과학 세트 - 물리+생물 (전2권),"21,600",무료배송,https://action.adoffice.11st.co.kr/act/click/v1/landing/clickdata/compress?clickData=_ewk68Rv_nKHdTJaUOk44Lo_neS8_UjMbq7aRL9H_7mkcD4zV8Cgd0nPxzTsvsAVcCEVJeX3FoOj5w8Srk7NAdiLHjHbDj9LfTn6DkFUTZal_8GTzBS4idiIMW0-Y1z7BJCVo_Q7ZH2Xw9Ea6ico8HYkYBF2yAuiiESpTKDrfkO_oBk0wZ6dI2582oEskc2Yp9Vk5rgWA_xFxljgOhgCOGeXcSKbAFr9Da3XV4HB64qOFSs-qQjymjgSL-QsZyJGlJ2OCzCq8jUGaT_dMKr44-7E5Z7tWLmE_MFHZ4xf8ipWTHoK3cMh0nXu2D3eNk7SmZD2oCzrChlQlN8N8zIl_maPgTJ0OOoUP60nLfSWoxHvbidOPrnAiL4_q34ucmL9gaTObx60utM0RpCbOAZccRDl5QxePBQy7HcaSeo0_S1akhMk5ZCD1bOz4-TdGMNoasV_A93p6Jd5QpdQMVvnMePwGNfEv1mndMLA1H7UBOEN06tzEbdl_35p4h1pZIT_RHOw6646hSSOXAbokw3ywEisci6M5G5wXaegdHSyYvyKG7PnAskT8S-W86cP73V_gOiwVZUsc-d9C5wzOqbZIwaQ8d57yUVZ-LBz4eUkadUMBAWIgiBoNO_3bky8vHcETqgU5okARcfe8p3eA9Jm0Zj0gREf4ufDRYJZeIDE3HAukPLIdVoWLX99NjyZkq7uAfv3S_nWUJ9hjelKV89iWA-TFw7e3acT_CyE6HKZYdqkzMuCTNQ_xVAeEdLa4qlUVlcBCq1BusT9E6tqsR_4juh2Jiu05fyY20hs70rhGvhKYjHrcg9QPsHlfg-S7SzTwnz83v_QtAlCig_2jpSHPA3RYl7RU0edX78KDUDCNNd0gjsCgYM02n37guw7NB9yDEuEus3Ab8BNnvHFkaqLJcylZ_Of22sOEFepcfe3qTxKGnomDRktX49dQGVnwyk6zU1QRtxIB0S8BsM5E9abMLcSsW3lYiXX59pEPMGRBJY&redirect=https%3A%2F%2Fwww.11st.co.kr%2Fproducts%2F5568242207%3Finpu%3D
180,교과서 속 70개 핵심 용어로 끝내는 세계사,"10,800",,https://action.adoffice.11st.co.kr/act/click/v1/landing/clickdata/compress?clickData=2hii-ehimORu_Uau8pbN6BO7QOUvOiqBW43hqcKBZ3kHuPKRt-saIr1RvbnjQM9-uzJeaIrmerf11ikDfPm325Uv1gOdE9ODfCr23hD8BER3MPBx2wdXNlvVrCqk6uUyT9ksuH1NioHXYVckU7c-ku4zT9Xdj5ZF0wvAL7GLUNH6PBbXG4Wye3CVfQUoQ2DLCTFpFU9L2rCRdIPBk4uSK9YiO42GGWTpruPS17ed1nHrqfOgLIS9CefnjcvLxXWWUOQbPRHv3FItAlaMBJDnpAl_zEJtwlexzjAHQqszw_6gfvapU8nPwQl4CCxagrcuMZFJsAh150lnw8F386Xb53ZWlwK0xeO5pa5YR1221f10NtozqHk7F9VbqK6LMCaEhvajcs5EEXPhlBBZEEj2f2Qt86Og1n11gotM9BRH_GSte51KY_FlJ6akWkYwFO-gYtyDzyS3RIbXC4q66F-uyMZd3nhbmrNLImnWtGIBv2Qlhbd_Bnma99GnKbMvtmZOEi_I25zhRvn7NnqKmYpfRXXSS2H3dL5njon1-O3nPY3k9XyjXMUNOAuDJWnqObf1ywSB_Eu1Wk54ZfGO8dIzQCwmbYrDFYKfAQPjSxeyhwYF5csaLduvd5mFEDXCOUhCdT5wYkxMhmzBGC1qAQdwRJQf-BwmCwQtWkEab0km2wkTdRfbEERbuBCE_KMEeqgVj5oE8xNwg2f1H4lITEXi3ub0MAhdIYXbLKInVj78IAzbkbXZXGd_RbLIheQz1gU3csR7pKST9UnxRuAYOjWUk5Ml8_jr1jlac6PLjYuMmMaznVfCUvZtWifO5nk2IyvjnL9NoZhVOeHSvqEjC0Ringy0f4CBbqEDmETUHOfli1OwrYllRVg6QQhrjxnoraphYCl9Sr4am8L7va4dKsGcJW6f7_tHrEAdFqUnlXWWHiUhmwhswHPW44KO4BQpD_sRGbXNlwZpYsUqbXBxir1U92TiAixIyLsy60kx4XpaC3-fsoKUX_DiMtjm_7gfQ8PI&redirect=https%3A%2F%2Fwww.11st.co.kr%2Fproducts%2F5566626456%3Finpu%3D
181,쥐포반사 (책동무 10),"7,650",,https://action.adoffice.11st.co.kr/act/click/v1/landing/clickdata/compress?clickData=2hii-ehimORu_Uau8pbN6JckfSnLztSxZC49jWAx3nxoxcMH2Qmyp_TEr1D6PpNtz1fEX3P8o8BrokmXbQszwTlkx0xp6MN0luIWwoaA2MZURWD1TZAcsw4S2QM7LId_6Z_FpKo8WoNAdEnrtNU8Wrq9_zVNAhl5uKqYYbRY2EP0Ip1P9pu3KEmOpAyh2uhX9M0uIPAfdLJ_xXIfcq0SzOGBlwvM99c3XNodXQoNGGNFCpapLb0mi_gDvgpphsLqZoC7BcRA4poKzsDWSlgsNdl6M9hXMEciGr7VzaJX73gArrOZ73JVIceldpqL97gBEsn74BJ9yKkQR12CISt199Qgwy_dITTdPl3CODOCGoyqj4484c-CBP8HdY4Ra53-yVgC_VCbUeYUklEKHuhUKez8LjQhAX1xeLzgD44MtXxuRiKgJo-ag3k57yMV8XqYbbTD5EJX1HVZbQLemz1zaFKqL703Nrslcz6Mq6hqM126eZijiwtbW1qCsjUwTnEISTJ62wY9OTisGpHGfX2qKC3p5fnoDG5E5YLzY2BOi_gwjP-3lvAhdTXl6-a3ONlPD7UKgIetIabrG-ns_DBMhR2YZs3NbrUKH6G0xQaBT2IUvPjQjST7nY2q9kgwrsxtE2LeufgJBCT_G_mbBm_41KiLzfWyTdHFhTu9KEVjNJ_TEZcn7PjPEhh7CJY3Ik4UCWtSoR33utWEKDcCpdgCk3hhLkecePEwCGZ2_OFja8KM69KWNd77fJIyUlP9arML0m3-WnaCrQjkAAoMUB-U4dzPOEDbHc19XvYrA-xjGadFx5aigpojcVtHhGl3-IwoIMr57UHwb0JLThfaUSxHlXtml-7r16fRRS9mnX3edFYmMZOX1lWNxtJstlo_jz64t0F3a55RgTZTpXrsc3EBvrEqiQpoh-utdYv_lRZdxatAFFADZFdefztlCa1fDZ0ipw52i2Vfi_hrWUHblQFWwi3xXnU-2mt93dpwh8bRA78&redirect=https%3A%2F%2Fwww.11st.co.kr%2Fproducts%2F5567693318%3Finpu%3D
182,세탁기 건조기 다용도 청소브러시 틈새솔,"5,900",,https://action.adoffice.11st.co.kr/act/click/v1/landing/clickdata/compress?clickData=NV_v3kOImscSNM723yhjF-WcIOow3jMLQ0nVpWudcWr0o833tXa8DnkHNg64vSw4C1zp6aUWiGL80w7wNyL25P_DMb3dWnQt7tZD04w_ue4mACGfWkxvROA0ew-AtyuKCjWt56y1FPaPxUYZQxhT6eCHsC269MOfRv7JjgL2IaC5SIBUR2skykpMNNDBlCkIasiIfDWKZHv-6NwEyLEHz62nqC-IagRpLe1f3mWTYhR0lhXLFlW052Oes8nTwPkxhVNTL3RqbHekWwdMseJ79-502MWgyWcRg3T1JWIu9O-zmt14xCHo83EtQPjzSkZrfc7hZPufaj0-LVT0wYT37ONQWgGPyxHSTznP5mhqHk_UHUJfIwMJBdiK5OBtlClXQ9RnUzNn2FF3GM4y2bD4LLEr5v2Ct7hj7rN2PkIgnirHT1XovRiFkIRI9Ss63cQWil_slBcLDzEByKK8pxxAUPoaS1oxZaZOZn1QgsRvAPOmj_-gKlzpL5dWBTuh3U8isYIcZH4awqgSH7oOcfZdAykWDp79OPntI6GccB1RzuVheiQSWntTrEzupxiHgSPoKAUg4DaWMGKJ5mya29te8KrmfHZUz2oQpxTldJ7cN9s3qwmLdJGeL-cB4cmV_BcV6dSCtBSCgxrlpPBPSE-tITTeteyNWBnsZpshB2KXEk3eUOJeWNVTGvZ8Hg4kNCyXBDnUSVRfyRE7Ik4JlTKGoS5jrlgzDgEfhPiS0B5o8AIhw-s1p6zq-Yqq9isdtrbRzoFD05oPUE5I93-vp-uhiprxAAQPn1-lI5_0prpr-ZH6gQtW-v0D6HQD52Xmx0x0mY0AZpshv94gKX9ZRZpKf-u4q0HhqB818Xj2T5bYu4sRiNQawn1f4X5EEDKHQKqvmtfcjUUT9PBrbVfwzwb8r-oCA4nznL0ZHp2NqllDOYBRpyqD-qzo3POckDGgIDunvGLAE-PQfiN1C1es138ip5WO0bVklE7bnvEXi40TV4Y&redirect=https%3A%2F%2Fwww.11st.co.kr%2Fproducts%2F3818447193%3Finpu%3D
183,장부A4/200P/수불부,"5,800",,https://action.adoffice.11st.co.kr/act/click/v1/landing/clickdata/compress?clickData=VTq-hI-f-w29gaH7wn6UflLuTr1ZV_5lY0SjekZJka8G6toWq9Zj9wTv4JOvsYmunvC7gz18SH_uleR3rxw_HyQDDrzpaCfn8rzxEySz6tiFyXPsj_s1Lnn1Ba03LRDzW9CXEyzqmqn_8lNO5hh-mRnYBFnytSJFxiGU52WFUNDQ0bemzg72QJ-OGY4CpArIP3lVGyKFhSVjWQLYcJuGEcdJz-1vgGb8NANiQl9wNYzUE7SW2EBbNRcb2IRoSGlOYEQxBg-6jlnvlTRPx_efAJzdNs-59_z2kR6tqVh2V9v-43t9ITShu8LB5ZZ3tr9LlAUdSlgFABMDmEWUYwFnq7LqcE549o9h_6GnE3_qXowM5ccMrn_taOGdFM8kBH7N2Ujbv4tn6ahTUjB1Sd7bt5jgUoKmVBnTaw4mRajxngqVoemdh9bG_Sy-iAcPly8HRGuUJUgrRtu9cDmZQIo5ylwkKCc_VznA7hNC78m8xsPddNlkpoqgx9eawCMICU3rI1hwJbCsKOsLICP3mQ0VyqGSFjnX-MKVqXJZLB2LYmOez9o8V2IvruaSxRdFozR7eSZ98bubXW8CcrzPlUkdDlv2gtXU6SSTQFjxYpaPRGapIOAqwPVoABvZXjx4YX63zA9HGcZDXD_QxBxotptIBECszuYsTrFOXoX99OB2v8TdZflbSQxxGtk8-cScz2kLqi3_m7ahdDFY9P6I5RlXm8NhirulHxTPIY8kAPPbECljyOTpVp4A19qywmSQDApDaVKY_kY9blDD_dcNS7XYaG7BaiBuVIkky-W6VUTY41UCZHjld-yqSerndIF_uuYzOCpge5km_T1H-ChMszqIIldCFHKg6TS2uid0Q3Pt8hxBx53WI7B9enSLWlgh_IbWN8wO9WHdYRJjDTf48blJI8y3dOaxXf2F5OS4XhyGl1xaYb2FdNBMFmQGXuFLI1Y8GyFzkCj9ya3LhYLf-8EDwNaFBdok1qrG65eh3ghskR0&redirect=https%3A%2F%2Fwww.11st.co.kr%2Fproducts%2F1087793479%3Finpu%3D
184,3D 입체 지비츠 풀세트 크록스호환 신발악세서리 실내화 꾸미기 파츠,"4,880",,https://action.adoffice.11st.co.kr/da/bid/click/j7wPtQ_aeZkYI59Y2SYPkT1i8LpBL95AYNFQ3nmBR4ruS-cPB-ng9_qOJuQVqPxpDc8QQXYfuGbIsd3I1d8MZSdppnvpQilyF3LVAJ3beUBgXbOPnMflTRpwqAmiM8paz_aNEz1ZnmUczsAOAibG5vBDbvcQuF3Z2uzVXxui9BfaQ0fK31Mr9LZitmqZwGVBPQP3b3M3TMoYWDJ63DRaL_S2pK8oTExibZzZdJgd4d-NJzVPQPdWerlQH7Z_bm3ItFkgufY2gkqMb72IKDh2cg?redirect=https%3A%2F%2Fwww.11st.co.kr%2Fproducts%2F5608678023%3Finpu%3D
185,CJ컵반/햇반/보리밥/즉석밥/오뚜기컵밥 모음전,"1,980",,https://action.adoffice.11st.co.kr/da/bid/click/BLnPg0vgF378C4kqu86mCg7vCchcUX_ZoMaSSRtnN9EisfXJyO2fLJDDjHAw4nTD5ZjRKQS6NNG5r9wrOpGpVN7K8RHa4uh3Vnrf9foNtr7JkwehJsbqYZF6Dy0uRcdoeUz6JKc04xnkbUom5bj3fGs_8AHb7RGdUP4Y5eFmP5H8Wcttit08tOvO_C7jx01QIukmb9mRfWYlEStn-zvJn00pMdCWVJX25lbavfJA4JAWNeUe4M_-gj3bnDwjeOJqxpVMjcfWKznlOYArBL7cVA?redirect=https%3A%2F%2Fwww.11st.co.kr%2Fproducts%2F2008190811%3Finpu%3D
186,[호주직구] 얼리버드 프로폴리스 스프레이 40% (6병),"54,000",무료배송,https://action.adoffice.11st.co.kr/da/bid/click/U2HamwNiAKhUPoJc4MSO5UShs8cNtpnerCm6OgFB6gtG9-66_thElDchzObaM0I2Nd8H_4Az6IB-b5XVW9cUmiLJMxPJJ_URR0vdAs1FE50SjvGurcRpGg6ZhO5bRfULOQQQmy1xWC5pHrU37wRcuPJjVHgPZauqbka34sHnZLQ4OI3ZOzq6XmioarwDseiRdyCbPjThcKzdbqDVQGFcb3xLs8p1jGfMTESb4-uJxOroYULy8ynxkK7rewBtIkx7UNeufhKCsFR_8mfHKf8PwQ?redirect=https%3A%2F%2Fwww.11st.co.kr%2Fproducts%2F5207685543%3Finpu%3D
187,[디오첸] 디오첸 젖병소독기 살균기 신생아 식중독예방 22리터 DBS-2200,"165,000",무료배송,https://action.adoffice.11st.co.kr/da/bid/click/Rmepatv8R9QOGlFM44h0jWWRWwXAibncPgMi1hXE2Mr2ETDM0WKons74dcs4NKBIPsT4RLV6AXvCKLDEnFVV-jr_X_ZFytXwbrr7ggWIh6S4uyM9XV17X_0RblgaIYU_npclffXafLKylElJrbEpgsVYrF4PsAIo6V_CRIGTUZQtnNBWEYXqHLTOCE0oJjhKIO06fEi9CGk_p5X9J7GnyqSv-xB-Nysr2uZXCd-7fqRkIHVTDlbjrkANcwPlxaFy3pn6nXPTlaOgZ2yNgWjIQBlrSq6Ll3sepxGXt_CTHUg?redirect=https%3A%2F%2Fwww.11st.co.kr%2Fproducts%2F4151370781%3Finpu%3D
188,X-밴더 그레핀 뒤꿈치 보호양말 풋패드 보습 각질제거 요가양말,"6,400",무료배송,https://action.adoffice.11st.co.kr/da/bid/click/aeXZ6to8YhY4IN9u70NOj6CMPEA2jUFaC7QOwAyRGQLzIyu0GI1yb7gpouDtUYhFyW_YJfTFHUyp1vMmyVFA6aLYabjdRXdbm2aOTuxJGLeuhB_K7V1CeLCb80Ny491YKttOrr9xE9lQp8HCCZ3rMRatHG3lpqv3dE5djuP18Nhz-0yrj47Bqj9jz9D4-CCycdbrghmYBNQwlxGixRq353AtUT60lQ4jN2wDHRcgoSZPTLT17FlyN4WKqqUISSYdfB2IU-Iwkf9BRHJO0ixUSJ6FR7oe9GF2cyOKDQKC1yY?redirect=https%3A%2F%2Fwww.11st.co.kr%2Fproducts%2F5351242449%3Finpu%3D
