,item,price,delivery fee,star rate,review count,url
0,엄지 구운주먹밥 5종 세트 / 김치 참치 치즈 소불고기,"판매가
16,900원","배송비 3,500원",,,https://action.adoffice.11st.co.kr/act/click/v1/landing/clickdata/compress?clickData=A1pgTwtSRSRjqhYiBchP7pXLK1rPAkif-E3IKxyfrhZNKsZ_Abkk3vW-4DUb0yx3YI91Doi1xMWz0aQlTVEAerTWRI8kyxAvY_7rV5dEaMhS8LVRRSpMA-l8Rjp2zwKDVOONbOCWnOjNM7RMwTqABNWEncbA60TjEsMV_UDSZZCSzveQqaubHSqnf8zz6BxiIpQKetGe_einTYwvJJ-U8gVM0olIx2dNmsKdp0dZ54pD8GHVBG2kH_ttbEPGoJKcJpp4qQu0l-0-2yApc8UgHIdv8rPXaHiPjDxI-Q0TnjzQzTD_M3dggC1l1KfT5LIfrTveiBugVO6v_1lrX8ltBYSvxEv1_eJ9dMqToFbPy8JXUYuuu3NjYJ2W3_XfOJ_7oMroA9LRZb7M1tsYOd2FKBhx8kGaNBcRusFwF-8JwPbnNrPCg-NL0uF-dcnoxV1pG7eTd08GDT6VtlUcZwBb_Q3BziSG1OQF7TIxRhYdmPTqNYZOXYGrkTIEgdWCHdbwQtSbcV4LOKRuZbq4jlVBToZYJIgInD7alyA5zyHdZq9DEnISElsa-BbMZWX9ZC8WgfpLCUbfaaF_GbV7uC9rnlsLbA8zeiB1hTT6Lr6qI3Q9oHEuOBuQzRMT1Ie-k8jT1xu4MSU_7vv9OPbCgV6iipJ77tgvdAmrOL8XT45FHs_yfDtL_yUd7g3W2FhGbslL5DjwyKXJ_EC3SJNHhIeED1rgyG1H5MZU2TmK_DC3qw9_y3rhZCZH4i70FCsq-EGxD7oXCn2SYiod5s8K4boK-4Vk1XcF0TCyEcNT5rQDBpJd0Wztb8C3bD2Tq94ADCoUwfiRD1DBJctpdvhSgv5gQFyrI5J30o9_kcHUxGRNn4Mlr76nGFsYsBn3hAAXHrQ42DbsV3HBkPiYuIrgGQANuJfP66-rZKN2-7_8H6XcqYPAKP5Lf8F521rLcSANHBIgBT_JmBrcKGISrU7Rvpt0AlVasf_xY4OIxJk8BwHi-24oZydfKKO49fTi7vzTLbcnsnFUW3YBgKF0YYjxgkHtfA&redirect=https%3A%2F%2Fwww.11st.co.kr%2Fproducts%2F4724377105%3FtrTypeCd%3DPW00%26trCtgrNo%3D585021
1,오뚜기 컵밥 컵반 CJ 햇반 참치마요 해장국 제육 덮밥 육개장 비빔밥 국밥,"판매가
1,060원~","배송비 3,000원",,,https://action.adoffice.11st.co.kr/act/click/v1/landing/clickdata/compress?clickData=S4UXvoIlKxS9r1j77je0D7WD1vsN_EAgdFcRt5gyaYMiIIt_62zFGHMm5uhirff3YNlSYCyh1bxL7MRh3TPaBPMHvIuF8WdHVsYU5vdAze1O-It_8adFasMB7orFUF3Dtc499TH4aCnQ6svs73be6XnG6A6fKtKGqrHiy6NOF_bdupHz4I3xfJjqy8kSlv2-T6uiTO47Hrqy0sx_E55psJ8ZTDA9BnK55EyD70PJFfBgHbo8DOoSXLvtT_NYPOGHBLgN6hTMs24Q2sQbEQGLfdRmIAzRnRxRqCrx582YtUKMh2yoAC-ZTFl1CriAH5hWUyM4pqhPNSLe0kRHAru2xRLMlhnrtc6dJPskMbsIp2fAtfgqRiz2-q_XlZuOWJlgY1zxfU2wdMFvBEhnf3SWlNpphUJ5Xm-5pcrafz1Aa9WsV0ejisPcZIyNtUXXkMYMpG93chsWip0o12DwNNfEDRi7Fqv9b7bVuahNbBBkNLtqPYpqPfDh6xyZEBwdWbEly4L_HkKYZdMb7MgXbBa31diEV9gBCxBbQltIFk8rRN1QZfkhoaHfBn6eau2XcEg0vZ1k919b24yDiSQ72cGhncXG2N7YjcQy_z7IEF5FIqF5yMULypwSRlLv5erh2abTFIXuqDDFUddnNMjUdl1P9K_kGA3SaV4F1x0csTGN92WjflSgh_-wx1LmfzNilL-VqAAd01lCz52hUbEeSmmO4ELKrBGo7glywIoDhtWCPafdUgOJ4hOLYogW06PpaU3J9uzZ4FvNaqKu0Y8g3ROXAr_NaXIsNG4Fm_IbGtrLolf36slN5yxpPpWj0n1-9TOpHFzWABgPOx8a2RjsmfAw_Xx0vWz3sQg5C27pt3kw7kxuaOeQdzdkMqaAZEV4MRduv6_-Cf_5QeD_Bt5zSHuTQ-D1K_1EGSCwikwXhmUCixvlwyMGxVAGrMgOT0OdrPRPz94bUCF58oHkSLlGQC599YE_4uc8C3i9IsSCBFZUQ8pJUsh8BKDchoKtqHM5ohEuY3fDayA0cCihlSmFuIPMHw&redirect=https%3A%2F%2Fwww.11st.co.kr%2Fproducts%2F2889558491%3FtrTypeCd%3DPW00%26trCtgrNo%3D585021
2,맛있는 즉석밥 cj 햇반 임금님께 진상하던 명품쌀밥 간편하게 이천쌀밥 210g 18개,"판매가
39,800원",무료배송,,,https://action.adoffice.11st.co.kr/act/click/v1/landing/clickdata/compress?clickData=ntN0HErX0GdRDGgUmsccvjxdM8KVSOgJV-V7s8VOcQ7ZJJX5dGs1-ixKLOc3R-wcBwHbZ6w6ri0R6hUK9qWNku-QenpHinWGhosIe01ziR6lGE4EaY4IHyg6k-e1TcS40cSlWUKDRPi2SuQQ5Gp-qTbootJsi2pifYTTxtZAsp_tCj58Ar245ebEdnljy1CM4S2we9SB5R_l5Fk18mHWJSh8jL5sqhZvVv_0ATY4kLkU6Jl2wY-OsSN6mMqUfUwcyKi0HlLjcD0Xdj75Z7dpUJki-yNAsN_bwv0GtmEgGmaU2FU3bz-I5exQw7u1Ue4E_5G9OV1bQLN1QQSGiLYcsD1EY0GP-pgpHhpS39QTLyhTRrIo-VOlk_1ES0UU8MiEgt_IgW0FlWw4NppxeXO9gy7Y-Ir3n6ylaTUoIeT1T47S23vs0Vsa07Bxq2dUOX94-R3P-PwCYBcicZ7N94mNU_Qlbg41vjmNLAQBcNya2qBs8pPTsdya_ZjuJz0UJXCF3MPxMYRn6pzN7IvoLP3dGQTY3PErZsewuWi1G0amXQPVzIVVtn_kmIqrUAugLPU6N1KxB8C6hM8ryPcpqzlicqjGuiXXIY6r8fCveU1XnZUqYfT9iGpN3FTNrcOsJkeXamIAXSI3nFus5zYR-s5PPnSpEhW2EoTKw7CbwGaA9al2Pfq6oPtTtzeLv2cFT3jzM_rmxuNcDUDNCW_n4Z01vsq6aDdbAZPyZHPCujmziN9H72Z0L2jj3szjvoUvNOCLmON9FLq3qOjP0IAUfQTEQL441uGZ01jyNpAMfFUoM2wgqAudZ96VmdSJiwwFvM5BOxdYAZaLQSWjdrSPsB-ft-d7GgpjuEp68UTSRvj0_VLQy4JFt2TaYx5mqAalpNdRTqnn1Rl0EkASc9zCShqXMU2iXd7OIGrC3s2FGX9VqRZvCU-6krliaNv9XD04QrZ8PYoC5JeDnsioKjHCgFqlrmnRWbRwD9g8OSkEIy6f1IYLlq1mR8wuQMFT6JeAkFqRNX_lh2RIx9KJ701ICCIvUAYqAXL9sBibdNRGyO4gUAs&redirect=https%3A%2F%2Fwww.11st.co.kr%2Fproducts%2F4610478881%3FtrTypeCd%3DPW00%26trCtgrNo%3D585021
3,햇반 발아현미밥 작은공기 130g 12개,"판매가
29,800원",무료배송,,,https://action.adoffice.11st.co.kr/act/click/v1/landing/clickdata/compress?clickData=XJwt0uWagGImV4uU6l0Dl-HMO-pK9eAoHGzXnyEPd7PNRQq1Z3W0N4NMmT3gEav_XJAWjAl0muFCWFhv9qONNf-8vkVk2dKFfbleEqirJfpyRHlWGQvKlHZ6ly1Qs5liUxeybEvCAj6qRDaS_FFpMuTcyyUYvWKk04HiQXJQ0TB-UUlZjySZ0W6oAdLWEf6Tj_EDajDt8oXrsTvjtVe7tatYS3rAGbz1yH9IwHM7jFvCleWcsj5CyxkF1AmCmvGspvUnmVoTWXzK7NCglui51ApBP7Q-FeOxtL0JFa8XeStCgLDAxooMmUyU_utPPCQouUO9DT4esf3IOjhQuTFkRlDMUiNAJTWdapZFwXlcu2WJQtoNJ5ZTIV0cupI2Oi8lK2KsgIvC1lyzsypy7MBu--IobnhE6XiBwZ_e4DUYlzBHfC8oOs5UVDaq6xhJVh_yHHeXsO-IV4h3upth4jmXIcxOpBu3k6S5HONFxo4lU4GTdE82i2eItFYRbisyW9bRmJkafxPu9EMWIrob6ehlhAF5zUzD8Dn7R9aIF4MPY9Rt28uVTtZwd8fMHZngRUNbZ7anje5oAXtjYLsvmZefxqUyZ5dmZG0sL2lklUhMoDJbe7ptR20Po6iSI-WmpBkYp7guQuXNayJIv9aLdPNHnjucqOY2p92SUeAc5nyWgwFd8d-hOO5D_iu_Y4JXUzfUgww0tJXWgOWD9Ca8xw5RgHEY528hn9fA6nApQor8R5PJilfWV-rNmZJaepVsgRrBvg2Ioldb6KWmFl6AAFowrbDg6c1cvtcapLv1aPpD9uGekNlu60OxnCavv1CjLZXVFVqmh8N5_7IL-hmVUNwwLQgDnV_Ho0qnKK_ln8SR_Y2PJCwNrFTrWZKIYvq4hQijpl9LzetjQcXWcKCZ8hApEyqIpKMHKLDK9G6K-iRk6D5X7twZNMGt-NayT3VrCCLj_5YSineQTP9nCnPqm_JWY6EpH-EBcC0BlRgZBUwgRCCKOsmA9UzOUZyCFXIdmIEPudvxlvVzt2muIf3zbaK-Zg&redirect=https%3A%2F%2Fwww.11st.co.kr%2Fproducts%2F4908506137%3FtrTypeCd%3DPW00%26trCtgrNo%3D585021
4,국내산 우리보리누룽지 1KG+1KG,"판매가
20,500원",무료배송,,,https://action.adoffice.11st.co.kr/act/click/v1/landing/clickdata/compress?clickData=vR2xTQuHM5OHYOe2NwJSgBKzfTu8-QxifQtKxZrwRmMcV8oQwtUZuGgYExouBs3MNM6e8q2-F1KFKr-ubLkHiwbumhAxAMx-UNF17Y8TaD1QF10o9FxmFJCxWfBXW-LZY5WASfVYbblFtfbWWBFlHwmvr88bn_hu2jNrzfqs4z8PRtcoMRt8nacYXfDZfN54wJSTGFeZ_FZIYl-sXzQU4SIMLnxa3INsPxWKvXWiBbZXpvFRkbCC-S9WYtoB3uWTLvoWc-l9xtdBVIyhjJ_Oys7SXQtlFhZSZceklrqgNykkI3-_ZO2wogYN31FASxt3vP7TWRP9UDcCVoyLk_pzvUH8awQOUtzG2NHQvNtD5vzVleN82oynHg0uurfnPGaRoAbdYqG7YNWqmK0HRxMk0ZSl7SQ9HqALzQICALmOEVEIxUOLrwPO1L2KMvV9BgGPPRj-10AOyA_HmiL3P1v9ERVbaOkPgm-eHUXD_-Zdy-QENX88efY9JMEmpC4qKUJWa8PTOmC_GvRfjlk55bLQz7RzHnDFSLAhkY-Fl2odj2tKy3YlZyUoISwAeGA9hoeIGHmGocStRh_Ihbs0g4ZnhKcbR5lAh5w_AvZTF2pVYzbyTz9uVI759eNRt8mq5Vj_5QXQsagPGrf1jbpNZaU1ADd8ISFy4ksjHfClya-lqF_1fdfvIgQxKPlRR-VlOnGicWrgIm7k6N9TNZZi8Q1LFmJOv8M40vDIn8moqCtgyZwjRra3vsz8-YGW0r0pFnXXgyjy6_858Pm0gfeRmtN0_N_Fykoe3dh6gdafbPvwEVCDvlZUmfv_XyO30kiiVOhU9yt3eBsneISgkk6pt-Yv-UZ_ps-zWsLgKuwZK468RpOaUoD546XA7EKeNNPd82sKCwDH_XzWbhYbOOnhZLA0Qshs7fODKsB-i_KAe-FdyFLYaUQMCZvf7sqEj54kaOHDbGvtFFlpPMnTZy8htr40IZ0rIA6blj99gFM_-AsD8CCRzrIhBSdWcwnkn8sgmbx1Xf6IrLH7bpMd4n3rHhj6uA&redirect=https%3A%2F%2Fwww.11st.co.kr%2Fproducts%2F2623326698%3FtrTypeCd%3DPW00%26trCtgrNo%3D585021
5,연잎밥(10+1개) 개당270g~ 다이어트 맛있는 잡곡밥 영양 찰밥 호두 단호박 대추 찐 연근영양 밥 건강한한l,"판매가
41,000원",무료배송,,,https://action.adoffice.11st.co.kr/act/click/v1/landing/clickdata/compress?clickData=Ho8lcYaf55gOSvP-2jd0snoqd2MZ24zrgAA_EVTjMCFzca77MMAcL_11k5dCRZIbv9m990lTdO8bcJKF0ggTx1N_1Yl8PegVwzEb0FMoZ7UddU3xmC3Qnp4dQMk5eaOTbivxXrJMPmL0C3DCM4PyXeYgKqorgYKNkRmeC-ghkrd2Q1an3qOSOdF4GuWr9fCWtdwLjgaE43WfmyFSyWKKsuev-b8IHGx981P6cPpwCmWAIn36DlCHdzOdwn_gBssLpPHvJZMVR6ZlFp5FHhAzrfLgzwiI3w5SPAuCaNl7egN196KwMe75EY-egUCtQZx6wixjPn5tI6kz3w9EEsVgJw8JR9WXFFsnOy2Dk6RJQ0zIyttIcvavlY9YT4gVz5pbhOtz9kzD4n2fnJiqxrp8pjdcrcdLu9K2lBuWf476WmvWJHSG6J-2ZQ0gkKkP_kKN81ZffyQvwwZajAgT1YRte4_i-_d2CZxYGv_dOaJjfDGj-djd1Mmjmj8dPgKG5vEm-baamoizQoJ8hFDIXzQPWqqC_FrSAZddgb49zvo4u2EnXUjuD2ZPAXfg1scvgejMzskZt6jbkDssyIUiGqkDD5YNuI4sCrF1cxX_wfER2Yyc4r4FP_ekhW4gmOxdpZJXc5FyV6z5htPA5CA9DDJ7dnJje8QpPscXXAG5ouxxDddlviU5D2C2u42Q3KfzZYIl6DfolLX4tl0jO8KbCe2bViuWMa-rP0vMOn55ltBsOkwFnRfyejNbO6tH9z3SyV7TAgXI6AD7_ZejLuo9t51uXZoPtY_3DbtFAPHPM5Szaf5lFt5cd1NwbnUQ-Pd4zr_V5zh1os9AWyI7vvFGICgqCJQsAXLSlvBZsBbm18v6rpTJnvrZhfrJnrE5VwvPKkUNDMZwVc1PZkiwNs5xAS-n6Pe3lBbRwpKx6K4n4UdKVfmXuAwB3ZQNQON1NCkbiVQ5I-bypAzhuBo7ZUEJCvLwqi8D707wH3bqsewAMizpHidtdwXpOyVhGjBtcaJL6yjvAGkC6lOAaTMTd5nC3JLOfg&redirect=https%3A%2F%2Fwww.11st.co.kr%2Fproducts%2F3832564704%3FtrTypeCd%3DPW24%26trCtgrNo%3D585021
6,CJ 햇반 발아현미밥 210g 24개입 1박스,"판매가
38,900원",무료배송,,,https://action.adoffice.11st.co.kr/act/click/v1/landing/clickdata/compress?clickData=U7pYU_nTYDhKhxd32WvxoPOMNF7m57-6ggEkFuHebKm_5xoC9WGa7K08ggLpL5m9HSseEARj0Sa5zMeJwUQqgN9libYklS_cifZTF9kYHyrXrJuWWmpQAadOaHj4YYqXEjfZNYXmI4JyW7Rwp8GWPt7HlzPLWdClGPJkQYyBn-ekdYY0TkpFaeVrgwS_tchSbnFdC_WV3zZZ-5Ardx_TxlnXJc0Op-lqV6zuJc6KiAG7HjgUHMowbHxctUR1d70-viHCdISQB_USebXvVQlcDHpgxlJOB1Gymlm97oYLVSHrDQz4Jba0AW7w6yqDEPjFHot1uoTdV3-uJ7xybLUEsWtWs4wiS2fRMnloYOltO0bJXuy0DugoDh7cN4rh1Wp63GdarS57b934YCu6pwrRzWd_ybvbdoa1DUVe9YytMDwAIgCkH3wJgpnFApfi9G05E39GDdUPhDh02EgsNZjYrIMfwry-kOKFIaXaBm2_reIIligfznQcpj-gSBY5D0dVGs2ptmqrmix5ydaXSf9E7t0-fw-DlgVK5wxyQMu3oEK6O9Ozn81JjyYQ65m7oY092WXpCt2zxzCZxAUTsA8DjbIXGnjFGdnc0lYkCusG02iQkrU1XdZ8d7wdlKknYGSzJRd0oTuD64hx0tUO-euOTF-R3hCBOsFaK_7YuSgL1xIRWziPmQ2l9SyPeWnfUGEGDSfhlbH4NCD8GuWPTumf5mcvwCrDN1ELwJI2pvblazCCOGU-nYRuMayVbSjT9ZH-P_z0Vp1quB-w5tDe3mSY3fyTNqaAdUlai3zkgIWxe2NIPs-gCLfdrwQTQpot3AceumOmFvtnI5GUbQDa4pMGZumnQce2tODzqCwgVaaXmiHzUoXxpHwaPtFl8CgXjM-b8x0HUaL1Uol1OUKKafpb15dmpSMvf2M8uwIsGilZcRyRgVRQuB-fMxVj5eKP7xPFeNBOy6wkUg7ptRcpqyesfbR-qP8dBslYeUxbq0DWpGt-WpbSA25R9MOWa4D4uxV8-43J4ih3f6ipQp8Z4GRPlA&redirect=https%3A%2F%2Fwww.11st.co.kr%2Fproducts%2F3956968172%3FtrTypeCd%3DPW24%26trCtgrNo%3D585021
7,CJ 햇반 200g 24개입 1박스,"판매가
27,900원",무료배송,,,https://action.adoffice.11st.co.kr/act/click/v1/landing/clickdata/compress?clickData=IdNl3gb1QgsNfPYV5vMW_R4hwOu0EFDheZQ-mm_fi0c8ruTtSMQ1-fJIk6eDbD5bIu0iYWJLi-qWZkSvv4R4pSIGzk4LpKQ8t3Wi73lNafVlb-FR3EuvRIDQFfikUiWb03yL0vSg64Iit7473bvf3-hlnU70vOsfQYMtDIYJxzc5OSP237KLKlmf3sL5zqgVHDxupoluRjipd-kVUxFpBTafIEqaHD_lXBHwXyiBY5iSKhzdvHalOvyUTcoCfZtHvuncwAKxRDv0GRevY4IYjtICyLTN8l1DQCrd8SOh6iyneHc-m8LzgmVlmVFLMTXdDmRM5ho5Waw_MOu2XAHW4aFMFsl0RGyt_PhV5bNX-NePgZzUrCgZpCOpAmoHMdiCaSBgtACP4EPwUNsZ1CMhHl1NSJgeX8QB5I9zdevYrj2pHuUEtDXJLB5zubnzRQDTjFkDF4qYvPj-1D1fawvKhbpbsGTD-l6iWxWA7G2bKZT7kMiUinVaThZGwhwFNcHLpuypSaFcxx85hk7CmHYIq541L_Jx8BNKuiVMXiQT9Alew9Pa1izebPWnevbcrjXD2iTGAk66qQHglWRIPIRMMhIQuQ-mGQvmzl5QN0A_P-okYifGd6ggogMlRahBdFZ4HGrgHvNsSL69BshdSuBZCV9JcTAyhKEVdzoloSrtLfIwBJXN8Z0uAlAJyrTDJXChhzJkcxlZ_x9F7Mx9bTv6sAJws68oRsxa3YZXF7wMxPIQjdq7rC00YaiN8K9x0EZ2_dQRhEki4eCi5Nh1DmdtTBjMUmqREgWMesyGgF3XQmU8kUnHxL-GWwETW0lBglU7S6lDH1wV4ysmdJxdiXlHscAAyVeqTNC75yhydnI_TgnwyJaLr5C1f1t4BFHOhxSz06_fYZ6JvXvRnXr3ku8p__EUdIrYDIpX8AbuJrRTmAGQp4LQrT3O6jE15onSebBYUev2KOSw51iY7SBPzgSv8pwUuNjmLrcpBlfELe2XB8VLlRaXHl8qoXR8l1E1FGW83znhDN6kOhPP050we3Fl2w&redirect=https%3A%2F%2Fwww.11st.co.kr%2Fproducts%2F3956901935%3FtrTypeCd%3DPW24%26trCtgrNo%3D585021
8,[더미식] 비빔면출시! 비빔면 / 장인라면/유니자장외 골라담기,"판매가
12,000원~","배송비 3,000원",,,https://action.adoffice.11st.co.kr/act/click/v1/landing/clickdata/compress?clickData=Y7JF5lGiIhy3QabQFUFoTwjAWg90GpT3jxLtY70I20ib2cRsfGpi39miqwQY4ytfJVEodKX9ccbBO5OPFI4eLYFB0fbOvitwHDon2MTq9BwuSDh3Mp_2TTW7r6vbdgnHbn8syij4UIjjALuHPeRKt1NHlK2vss0y0EoUDbO4ZQ5XwA1FR6KQK6GLE9ox3xIkJSWIE2UcDQARanFB5utGGNArYzpcP_rn9g_CXt3tVCVdp57g-zJHQoXPxPgbdNxlsApblIN5q_8Iz7daRIqL3dTUl9sSeD6KCiW_btAt62ZsF9VTuWTw7VhlQQRJGjVW6cNyec9Xp5svYZFpWwBjc0rY3yoFXHcynTIQ6eShk090VkNiSla7HsX6k1-H6qGCFYItV7jzJJdVBPJxgNO1N-Dg8waV0KLRKH6IS7-ILxsn_Rp2fzBonwu7NVQh-dFTmS9iYKMr5qntsfluQmThqiZ9Tu0vYiZGOSiwKdNtWiCd-xwvrENQ9hclvuPei24dp3H-E5ffFLMfPUXE4aDQIHlec9rIZYQHCdhpGSx6MhiudmtNYIL6dpYM5tDSXG4pgYJEQvdnXQoT8mu2IiMjxQhOqrFgwF_ubo3sk4LEc_iEnfW3QGv19kSOhAzQMBrx3Kvmbo8cz3JFtAYM-vFdIMmBBUGzRC3IxMrpKuTHp6lVql-l24zJDACTu2Db1kYvvXYGZUXfObUB84qK6UTdRyYHaRPVaVaiLbS-pQffytdGAmgWcQna2-YX2-DvKdSFt_xQBuYBFATv7XpuJEwmz_QjQSQEBlO7T4RACIXnY_PQHxpEmf82FSwb6vP-0ZUY1lAi6q90t8u8zPYrOHOBgTpqdxJLTbnaosbwkqnqur8j8lp6q5U86YHezjI3tR5LBkcNmZCkuuDpxyWn5CSHgxnMenXf7uCndfp4JfoCPtGsE9Moz5oPvXVcl1aLFZfZaroe1dAP9V-3fm1OuVvjg6sEQHzhT5Si7YhlrMZ1ecLZdhLSCOKtu50FCop6DrHlNvgeo19VDuyKSylJ6EpSS7LLhQpLqMMYqL-zUdxtD40&redirect=https%3A%2F%2Fwww.11st.co.kr%2Fproducts%2F3871963657%3FtrTypeCd%3DPW24%26trCtgrNo%3D585021
9,[더미식] 월간십일일 즉석밥 24P모음 / 백미/ 현미 / 잡곡 외,"판매가
47,000원~",무료배송,,,https://action.adoffice.11st.co.kr/act/click/v1/landing/clickdata/compress?clickData=SJkQC5Xe0oeb2ytefDgW6lhzSkBD8ptKzgCCsgmj8wscpYRnvA66H-8aL4DPWY-nbKGdcHzRt-r9DDZ-YWY2Tufc4TKn4fk1Loh5XRHXrvL28tAGnVOFIsjdP_4pYJeJxrbG4DjQkGiz3YI2-0ubRJnkV6lpPEASbjzQaZsZuxIrd13Kv2XlgCfW3BDWqu1Lkss-CcyZJDkw8q5Phkkz3Nd1XQz6erLSH6VNlP20JAIQwtzT-6VJBM9XgSw6epH1PyykLsCUIezSGBSvSPAbtxgO_1v__mNnrh5yIcK_4q9eHnbILVt8k_30Wf2dT75OlhhvDqt589y-uImdnFFyT1MVQbSsiA7duQQFnsRnFEvt-YqoX0rOia0aSau22G4dN909c4Fxmodf5xnWtqkMDqrgmVcokr7ZJCVwF8C-KGz0Un_9-MbpwsSmBkho5SeMrKBLgNrE7wuzwCBERMNdCRzNe-PNgkOVYMJqfji964OTzvV_Ulxu0WQMs6kNLSkPguctXYKNsMLeFmvjV8yXLLImdrCNQ2Jcsi7WNCVgZwKVMNTsVzTkozUrvmQJ9hmTYZZQkaNxQahkCKEKB1n7prbK8PyXCSbwiGx0aTJLuCUg_zYYekd3XRM8m_g4n8Jf6XurSM9pwVhEcqkuJJbEfTBaK3B4xNxEi_qd3iBg32KVl7D-F4Ah4MCnzB23Qax78_mAx12zN1ghrFwkLk0VPPBxUyKD3n2GQ2AmFrjoXdJMWYLMKjO8pMs0pvy0LHpXROwE5JZrb1o-9r4494qU2sFvX4Mgv9hOqNEAQ8caNpg2vGZ7o-mQaEVnA5iN-D0gO82edm5tq6DDoRY_UQnsqkaUvFaoSl-TJQu1KqZL_k_4qxUc5YmNfUCqnMqYf4CwyVsBgO9ynESN_GmLwqKBcWTc_wHq-k0lFwY2jrxu3Vo0B_EblUN5p8O9CuxlY7ZvfRpYtP8RhXCsxdntaLejjTBgPPjch0iyJJKflUQV5EaM-5BEyudNgps_2oiD873-Ai79JMxOsbWLTtd3ZaGL8w&redirect=https%3A%2F%2Fwww.11st.co.kr%2Fproducts%2F3886981496%3FtrTypeCd%3DPW24%26trCtgrNo%3D585021
10,엄지 구운주먹밥 5종 세트 / 김치 참치 치즈 소불고기,"판매가
16,900원","배송비 3,500원",,,https://action.adoffice.11st.co.kr/act/click/v1/landing/clickdata/compress?clickData=SJkQC5Xe0oeb2ytefDgW6j7FjKNckM1Q-xzeXdLtIKzC4WBxb8HPZ2YRjm_cDd_NtyviOkFS0akkj_vlpr61ge8R5rmQ6bLACERgW3RKHU9T7u8jNnzGalA9lGbxcohJOmaUICgvvkRrcMLMYKMe8oiPewfnXBq5uGiYwEoeggDFb3ebXavV_uSXn_Kpjn1gkicLyrv0rvsAW8ngx9gzk913W8igqw__bNTdNr-44ZMjtdj6fD5mwRFHJEBWblekLRHf6-FxMkUTvsByWhikpxC6xSg2o6KDQFclAKPemJGNSY2aqx3OUXpoZoeqa1Gl_p_ZfQmo4TzwiD3dPGxZnfRDmMtEqUXjnOS0TXwxDxPtOwqcStUMsyNYcda0clxM8RM9FPN8V43HvAUOZ6TCTI_WQGwkjrkorbW0JfOmfC_QBDdOWd-Qj66Y_OWBHkdtTbROXLewqzdhYgd3qyOROfyGvYBTVro1Uh0pIJYAxrhvTIbEoAOzuNK93Jrgr23ScQtirCcO-OSdC3zLx9SVPLQ-OcTBzI_uqPBDRgNmSpKb5GKkpI4LMyHgY-PA7-orbH8qjwA6CVwYTQU6n9nzEXy8e-8PvSne1be1E5cTsSVQgb9aItUnYhxmjsUUBHVDe2ecwOvUUq9cDq84Wtkg59jOEygXvNnTyT5arYLUaBm7eAkgsFGZBtaBhhPa67Ve-7FJcAJz-g5f0HJ9-GB1r_-Yrco5cFByh6jnIeasmBV-_W9ffYlr6AJwOQ4bMY6ANOII85t9IBroDYjVYwDThlxS4fj5onRAooj_IpCPar9Xb8cVXsAMUoFdRsnq7pBMTXBRd5_EQrBa1HH2U6J5OprPolnRinfewbt8R0dVYLUPudZdLOTyRTolSAb2CbI8OHDa69mt2vMb0INSxO1Whz9CvpEmzob0702cSEub4BC1k0pU2CcvP1eG87lQ0u2e2A4gvVTWAQ6BXnk4gvCDDQMQfRogKpKIl-r4Mq2lUY50HtDd_bFiO4wop4tA59HNTsxDzzVWjj_5VTaMZzie8w&redirect=https%3A%2F%2Fwww.11st.co.kr%2Fproducts%2F4724377105%3FtrTypeCd%3DPW24%26trCtgrNo%3D585021
11,오뚜기 컵밥 컵반 CJ 햇반 참치마요 해장국 제육 덮밥 육개장 비빔밥 국밥,"판매가
1,060원~","배송비 3,000원(수량별차등)",,,https://action.adoffice.11st.co.kr/act/click/v1/landing/clickdata/compress?clickData=y_0Y3QbryXHw7NN7tWozUACCPAuGrrbIV1xDAB5C2sVcuRxZa7bXeEmjXzEXtw6rBEjunmiD2LBVydxgpLv-pOQ6ohIPRjQihFdtITl2aqNwyWz2y3UcFWT1B8j7TY7YWFtEw-jr2fq8HthYh60QrXBs0RoCMq8QnmNllSUBlgE1LHoOOWWdZzMEjczCaUQlOA0mTYWS76dmaHbo7W6UhoKR-zbdyh9TBfbzQFLALqdQ89K-90VPJ92hsto6dQz_R1mDN6YUiFeAWtXydn2kcb_cXbrMT4QutmJ8wsJCG4rJ-zzlOKhIszreYYZIcwnnzqRE4NmtiHgy_l4A9xyHr0-oNKuIzLZ2oVBH5C583mOD40ZqfSzIRHXmzifSja5wYqy_qXrJrScl2dWOD5h3EFUEUvbN0OiyMPsNGnVA6J4VEqMA8MsOU33zCRz3GvzadsC-5MRcEPvd5fqhMOBDCVH5VuQsSbE8wq5muMCGe4b2Zg6VS7yl1uWnLoSBUK2muzMce8m12-NaktRN0BKY3irZsrUmSd8llEqTvXisTlVRc9Hw67a3vtTY0LTUyl-gyg5PO7rpDjyvzif05qg7IuvZxxHinzN0UWn-iSq_meBDbVqFddB7KRMbWwqS5jruTb-oQm9ysrzkd1zwKq5McZRPWGZOH8Oqnk3yD83ysF376i0mp4Ufm_C3V4pGlzqaqMfi4xnB9Bgy21whwhO7zMhrBR0SO19RewXtsVgCyhlD9LkMEl_JExx-kwWafJ-5EN4O6DCjZMU3nIxlRTZrZtJ5Hf6lMB12z5G3S7ERaOv7VLT1px0mPCOLeVUmCX42lys5MrgF68mcmiIvsiyp3KXsDnXgmVC3ktNyQotlcr1giYzeTXyLUVQSn7tqpRpZHaXRjkr3jt7ADZ23D1s8kfuLoWMuancF8gppjRq8uYdYUPlr1BTiowF0fhvb69otAS1jroOJf82xWfUAmmdQm5nTq1Qzfjuh_opb6b8h2-JJejo4x0zCm1ZnjvAXDWnu55iDNK1_YNvAEkCtdGtHtA&redirect=https%3A%2F%2Fwww.11st.co.kr%2Fproducts%2F2889558491%3FtrTypeCd%3DPW24%26trCtgrNo%3D585021
12,맛있는 즉석밥 cj 햇반 임금님께 진상하던 명품쌀밥 간편하게 이천쌀밥 210g 18개,"판매가
39,800원",무료배송,,,https://action.adoffice.11st.co.kr/act/click/v1/landing/clickdata/compress?clickData=ntN0HErX0GdRDGgUmsccvqPEjFkLL0lT290joayed5iF0iZZ7yOV4ne3FKZgNkAudSljPn3Yg5cLHu92QolzgPPjR3XTlRoLkh7PPXHUeDjoWyAEzv_R9HEUal3nQ3SVTPmyo_RIFCcteoWGIKS1JEbuWdNT-6C5I-O0vvWhBam7jxn3ONKBdWj63XmvlZDOxFU5TpnaaNrlvOgLBddPboq6uQ0wTyB6C_PWYUH3ym_TiE5nmlnt4rjrLYV03a-yrW8Xd5tGi2h2yTvzz6wwmRq6lEfU5XCd6x0wplpEtUvDRd-Vv7OT9zof0oJjI6uKaUT7FrT0ZALahsi5OkB8hXWDhWSTjCKTVjVIi-So2NzMYuojGNqM3v-c-3vLZTzb3DyxsKXpw9qw7WCF1z-lX8LIBMcKMyDT2YEIBnF8DHKast3M4Lmswc7lncrc7vLLBl07nNhWpRkfhy1UOXg2riNO4RRqkSX_o_gHFUCJyg9Ns2gdKvZmESWowABMR2ehxCb4JE1lOuoeBr1UTOyBnm8Gi8LboUEoX_iUnqzcVg3AmHlTKMz01og9mhUPafRExoZoSAbZAzg4EF75DUN4AhrfGho3Bpq7Vk68e1GQuv57exMxNIinb11jQgmRglgwoPtWYn6MpA41WLXxTvXIgtjhf8OZKYAu9RFnQGGRjWrwAJNOLlvC2kzpaAabIjVR_JOCPEfInG7y5SOG6LVfDd7j7o66gLmXbC6iMj6aSzm9xh1imRdQpenFa4R1jYR_rpCqMvK9xCqTWz3_Y4FB-1syxXwh-54HlBmfohXrtZJJ4_-0fKFL_SwAylx8zi3YVVjnnQXpp50ORYV1cJ7TBp-mOtyK2U6RQqG8cE7nIB_B_nHAycADp38RvgGdp9fp-z-75196KDBTJK4O7ewW_7rPHvGL4h3vXx_bXDoqSa2-0HRT7tj-rgX8Cp3rQF6sRDjgwzcw0V0JXtRjDbMWwUBXBc-rRBWidhn1WMcfyLE-J3zq_WlaGs8pLd1v6BKNFDq3MWIebmvAbknJn5USZDzbqyn7NCyZfxcxgz24nbM&redirect=https%3A%2F%2Fwww.11st.co.kr%2Fproducts%2F4610478881%3FtrTypeCd%3D19%26trCtgrNo%3D585021
13,햇반 발아현미밥 작은공기 130g 12개,"판매가
29,800원",무료배송,,,https://action.adoffice.11st.co.kr/act/click/v1/landing/clickdata/compress?clickData=XJwt0uWagGImV4uU6l0DlwhfL41qqtG_Pl3CL4YHP7USACYb-w4EJuaBk9Kydom50UO20tJmTAO6aHPPbyw_XPV3xOsYjSS1q3MS8w5fMVHwu7EfGNUIjjEFgFm5B677OpAzdo5uHvJDQCDXgQNnKuwJw1YEHB23U4OJrAcxuJ-lsgmA02NJGlE_SB93VoqK_BemC_8ThM1b9sb8zWUYjJYM9LZGU7gd7o9RPqIdKmbbvgb4VwSeh_xrVYBa5xLi8aEn_1F6v1wVH_ezrsbibNyTFAmQPkhbvndEPg3n_BbbAsG1t7pWdBq53KY_ilMG6X0Q7V3HMx0QMtbbF34bcT37LTW7NwA6BFGe59PZQoBZz1J0fnw5qlU1Ksx6grk-A-POWFohD7IWfQCtavlI2fiHIfm9sSIcpXtsC7Y1sQ7oQ5oQjOvWWSuAougnJJjIwzB98MjRR0gWv94A87Yrkv-8cbUpdG4qHlesi5jUEY5nYrkmyI2XTWjqP3T1E28xcXPjlba_mzRt_SP27gQEExFpesuXhsXT2jX7c49FWGNRmSZkPZT_tc0akrRKK4ADvBVUVM-xWcUUhk8MBcWmEr6Q9NOnwOhXuV4IfR8T3enlU_HA4J3laNscbvbRCQkJOYua6rwCS-ilF6hGUifQVa264V4EGKkWrHAKp3zZfIAbbVxsPoidq_MPa396_QBrXVdytJG95KWMTt6OP4_qcgdHHNCm1W_4Ke-n1b1WTMnUfrU5QUwNCcICWnuwAcldg97JHOPHpJcotmeOcKkMzeySFM6_jYmLLWRGicFY-RfQa-JiOtvHeAgEy8AK81de1IOvVxJH3ocAq_6b_vS_UiI8jM8GthxvAfBgiYNZSfY6E8a4gHnOGNcIZBj58MSa-xgNqs7mL_ejI7ItT-hzyJFzQTtb9hcom04Cwti_SGd5KCYFgNo4jkqoh6WVgsISSrT3gFXWMEHn-5RIbEnOslluen93a7_C1idSm98pc2fZpD7zy88gE_Lf8UdYKVVOwDerewZw-VP7YKVeXma1lw&redirect=https%3A%2F%2Fwww.11st.co.kr%2Fproducts%2F4908506137%3FtrTypeCd%3D19%26trCtgrNo%3D585021
14,국내산 우리보리누룽지 1KG+1KG,"판매가
20,500원",무료배송,,,https://action.adoffice.11st.co.kr/act/click/v1/landing/clickdata/compress?clickData=td1PvLFBnp2dK1uEIfPRpVWb65p10gPz56Vyi4tEDkBCrRhWfsp1b4J7oOWweLPTFN5B2hHXB_sshUr-xILY6eXV-fJZjZxP7BBHC25WIbbL_pyfi6lC5ybC7C6K5WXw0yEDSMl2glYaerXNBgBEcNAvmsfOzB5Q7PzgkWeU3AGJ4pslMfJU0EGfT_vt01kpqrRAldZ0ItYk8rvHsirHAeeIUvrTV0MC0K9yZryUnNwA_nzdLj13k34D3YzmYJqj0lnvndb3dtnfRv1YzhUY2oVIgRO1OWy3ggHSG4LXPU6CznL1um32qGBdkeEgAHmfcksFdgVPWKWOL9yl_GucTyJ_aBj8QhwaS1dH96VcdGuqbHhwC6PHrGwESUwrycxIpCUtTrQnR6bcmBOXCz9dGDO-MUCDcGk7up94YHYeSpb8iNGbSReKNDdEeYqVisgjTvsMRexVUeRLWkDNkapmdwonFSxf3bIvwQojRqtFAxyz8IyPMnx3MYvH48CmF_Oz5CYgUXMjj54Ip8B8T37wtYBEWYf2yAcFxCp2ghCrhOFn3ZfTnoPYRyUnbnGY4mpWgN89qai-F8ul2tEn1bqG_F7v1ft-Nh0sVCgoBlpN9oSuqNonCb1MPFZQfamybIAugktkBN5pjN-4Pi692hiGyyJGlc9UTHGsVMQAcIXufrqNvt-BwO2Aug-E3rKcnA_siFC0w9jdhimJdNgJshd_h6VTT6w9q0N7w6mTT7DcVbmGhVnHQmPe9ilvkn58-GtRT-IBamn-v9lWYuoPMhqMIspAQ40v9UDbmVQR8Uo8mQ9CrjmDh9KkTu1gfe8tek7hlF90WxfrelEFb_GrvuqkwHqQfW7egNLtjJmVjUlBFvnWmBCiX5ik6XedG9AjPdJMjYhVDGLumoWgsmOuLPUE-4Z5XsXGp_SgdbzYanayT0ULaiZhrHe9vdAbY96vZO8Bd1W5g5PhSnWk-0GIOfeJOFudxG5vHj7EmPCwgF9sg7k7nprdlzdD3gBhTPfBjvqWcFXSmOXcSn38Vxm4ymzJrw&redirect=https%3A%2F%2Fwww.11st.co.kr%2Fproducts%2F2623326698%3FtrTypeCd%3D19%26trCtgrNo%3D585021
15,5+1쌀눈쌀 100%국내산현미로 만든 참살이누룽지530gx6개,"판매가
57,500원~",무료배송,,,https://action.adoffice.11st.co.kr/act/click/v1/landing/clickdata/compress?clickData=Vvv-I2UT85jc_SIe-i1FcqRCrXgbDPooyX4MUkWCwE2j8q-8h4_ogb4vKZxHmr-ZiBSm2avr4ieludqO3OO3Dg4GaxNeoC2vebofx7QYLUjMw_Q-KLEVezvdEUKK5cyo2D-kuFfyHdIa4XVvqwjbZEn382fLQzLdWNdpY80JRwPHcfAqJdlwXL2NJJA3pJrUIINl6p4z9csg8X6ePYp2dE1BC3BQcY8bCsamjOVR04dxYN56FbaybW132EBDbGJMu3WH8GmKqZK2-WiVbol8Ws0B0AnMI4qhvUPTKLOyHa0zyK3S_3-1JnL6wd0ZkrDlVNKGEUJv-kF09VCogZ3tQ3pXf8zNyXyIpk_IAKl0_gqt-i5O8cRjfoz_zil4GitIk6yD3vlTxkzAw5-PyT1RnQO52jqnomGpLZtJUTSDD5v_XHOAiYhaz84EjVPXnlWPDXu09z-uoRaAZPno7ExHxAsfedQNrOiv1lPiELxwbIRYzhPcxPGEzFMzZrEHt2eUmW6zLW2UTwHi3Jtgn0qzKG5dtlXxWo3nR78kIKMeMFqz3XF7L5VtJj-x8VQTBJb29A3PxY8uSW_05IUzyDS57K0HQL0essNIcV8L1F6D2CxnjTGjuzq-56_ykKmj8BcoqNhWBcqqVF_o1SHjzLwDhJYOfnRjQIBfhqaPx63G5FTuLZX5NQdZoDm-tUlA7dlWrMWpOvU79JLczYAij_fmW_Cn33KvrGexdmJN1USQjyUTgOhtIWhqZo54lc4HgBNk1SiVNvRqzrA7fQKZkxztwJr10QlUB0vhFz6nYQagVUHL07uhyCz4JsZkkCRSK4gsNeVKYtoNDnSLvZDuEwjmUk7VIfbO4wtSup-U5WNi4I9mp7C_XNBU79ur20B0m9r1ViaPKw59WjItp48LZnziNBwR4jxBVerKTt4_p7kSGYo_WRUEgRR2D5fMFJ1qDw-_3l_FT46Oes0IaqZiX9VMFWH3O7damu8dpuw1yiyrJbdSvHCw1jLDdAW9wj_G2BjG7sfrRCf-DmtIo3aU71YyBw&redirect=https%3A%2F%2Fwww.11st.co.kr%2Fproducts%2F5617047299%3FtrTypeCd%3D19%26trCtgrNo%3D585021
16,빅마마 이혜정의 꽉찬 수제 영양밥 120gX20팩,"판매가
41,210원",무료배송,,,https://action.adoffice.11st.co.kr/act/click/v1/landing/clickdata/compress?clickData=Vvv-I2UT85jc_SIe-i1Fcmx7EIqXYhXgfD_TNmzgQNOapfp8tv1CMVR9NmRLP9-rzwCLsp1UBSM_yTveGsFW0geONLuFWSBxlhqhZso8t500iR7anX_1U9dxIln34GiUdAPE-lXWsNzOaE-a3RqHiKL8jxen5NJnzd5Y4Q4Dck4VcR98LLlko3KfjlVnS6E6m57_s-W4-JH75gF9AI50Nsl_1mNakK4GesyxPckATXHQqeU7EDyohYC4D0ofiWysPTtQpSZW7TG5Wuvkc3SXVFJQNW9BOQItM3Zn904HtVHXxuHwxuR9HrNHW7eHhmfMQAjCA8SMy1TddS54sGTJ5N4JSb-BjzNy3_L4EmHpek809t4uwHS4cuEh15XbQhjm9LrbJ00E-F_FZRxIbsCLD_UNHa3xtKrgJVeqI-4EU6Jir3z4XfImIR_u3lEvMhg1TNuJpkm3bbE2UmbDFEyYKcXuH3ur7pksrpFfdeiVESw1Rs68stv47FL-UdJlSVGCpkzpERxRjIJi4kFYEnQ7gvLzZtCyAEWtrdeqdysm_xg_r-v-YOKZ3DRjF1879gflwLCv7NIjRQIgts9gfiJot2NsaFdwqtA808Q7y5I7m8D9gF_YgQ-_7kZcdaCGJjiCZftClWlSM6adDU2BRdd3kEVeTl8JXnWTsUoOjrQDglotu6Vv-02GlGKKRMHpb1X3JSbuhSDG9Oj8uw6w3YOcBCVQLtrMK4oR-7gJLdIWjR9K9E0jSJUzpLZRGLuWp-U9hLYKAtxZOG-Xom1-r9wJEGA15tIV-MutmKpPiwS8JAHbxlsPDDLjc_7h3GlzX0jYL4qBJvWJYP2z9n45ISun5yAJHOjlT783D7z3n7LQ_D56nNesGNDq8tUqDgWePh0VeRyh3OvWC9VfaGZL1Da3PDDVe6W_Qzuo5FXrXUDcmSHRxopVQE2DfV1gr8Z3rB06KnrcnPNhPEy3O0Tg2gEVte09CpkysgOQGgWmoYBbQgZ-bRp4Cx4DbB-FCLeoR8DHOfdVcas4meChhyJMX3n0dA&redirect=https%3A%2F%2Fwww.11st.co.kr%2Fproducts%2F2817946968%3FtrTypeCd%3D19%26trCtgrNo%3D585021
17,오뚜기밥 210g x 24개,"판매가
30,780원",무료배송,,,https://action.adoffice.11st.co.kr/act/click/v1/landing/clickdata/compress?clickData=td1PvLFBnp2dK1uEIfPRpdjBBmtINzWnSP4E1f-0FdborpXwFyW2fZWtn6W-2Gawc8bI-vgvR1QfH_p9qJHLL-w53_ydXoSNSyEMQ5tbt_GchGa-1aHecSnLsOgVgPVsoJ4qvMcXTrKbx6hgaFFo2dusINf9BMCovZYVRJtdxio_JHmzC8shw8zRcjSBjdV6Gf7NcEPU4Z332VuFnNKgDnJZRJciGHzbgq4uA16b8DvvFTQ3FKQHHf64gu4XOEfLrYBgQCS8Ttkohix9sMRX8j19FDR6nItjyfdzrvNK32SkB97Te7-ltD3EHylx-CAP43tJwkboSz9Z8qNuClOtemDdYUXTMiTUT9I0JUPXNDbHXYCvyVEHZnJjf22KwyOgCr7vxxrTeuhJRPPE1w6uuzXJqkUy1_j1Ev25nLO0ASRQqXvreNub5_3Jlp1zhEqrslXyoycDgpgopnegOoew0ZjBSkxRGwLfmM947dZ8YP7Z3N3xtT114pfGZZZ8yDJ2sf24ZuHowcvdqAJDJo78_iRorc42IX8UO7-p_H7vhSlgSuDY3GIqLhpLHh3Dzv_biP_uw0U7qGLYpOxEvyhLQDxvLQNtNmI911SCD8lParkL4iV-Qne1sUjA_mgXRwgye7gwp3d_5fTJJVDr5jEzDKIgM43Hvwq3Wgosq1vhLjMakzJT9rH9mrtfQ1NZ6EgKmLkTjHv2f4wdcxXiegPfvLdxTUDA0RNm7EK3SgAFtjY9Ah2IbAUo9A50Zt30cVIsB_1Oob8N_Z0YaXi9kWI4zayZholVmtLAUwKrwsPJ7Rujzqou1AdAcHvQi10RraC6o8rQp_czS297ViX-uL45zOJCqu7GGRW_Gt80VtJlyL-dhnWxwsriCBzeCELMNbyvngSq-6h7ckNRk6iw6TDCwYl89-USRrJn_d_tKiwVVohbg6U7Y6SMvr7Gjs9qZbBEfEsrn2JfN7wF8XRe4ndYDKmiG4CExN-BQAMXQHdoc7PTF-9IU5MHL6Gy-IsBjJETzPykhyOMuGmHiYIiJ4_oFcBQq5lippDa2ccbNe5eWk8&redirect=https%3A%2F%2Fwww.11st.co.kr%2Fproducts%2F4990363081%3FtrTypeCd%3D19%26trCtgrNo%3D585021
18,빼빼곤약 특제 덮밥소스 4종 골라담기 (치킨그린커리/강된장/마파두부/불닭),"판매가
2,100원~","배송비 3,000원",,,https://action.adoffice.11st.co.kr/act/click/v1/landing/clickdata/compress?clickData=A1pgTwtSRSRjqhYiBchP7lEVuQvC1cPisYmvMzX2OZ4i_UXd7gTV1132ERJg5BOlt_nemKO_xuB-4iiK4JaEMWjX7pRl7D28YhJjWGPAHpiZRpu091SrbNHTV2ZlPIOsC4ppKFvgEmg1qIgENCr77K0tJ4IpW1fT4obEbspOS-hLsXubzXJ9zmUjhNdjlm6NoMrP_OyPNYrv7JdzKsJBAnWTTdPzCA1gve-RZOxGcOLNDme99WCS6QzgnRt22aSWh0GZvtLr1vrhiu-jBnEiWC1LTrvWJfaXDjmswPDDZq_uhPqoM-tEfyW4enCx8TDA719F6hGbGobl3ac597UO-5-QyAE4M0M3-sQVCNf4Du6QonMKOGeiwcsi6-mRX8_gUbZve9Qd7-6vooPznGQ2YnMOgT_liXTqTn8epjV9u3I12U5WTsh2vXXkowzBnYY9-7Zs7A9DJjf7bVFhk5lshIBUD56Q-vGbdnCmIj0ERQTRs7pJM_LXbUULcO8k4fUAO7JtDQeuPV5m2OVQjnOg3WhRRpt84hoMvRp7cUFwGArXY2KZ_dqKDji84kP0KCWwVNVgJJkKg9l8F01p44l7TFQDP9vEPHswxg2pQKKBYR_KCMR7InyNa9d-as5aIxiZY6QLlF1F7w11rqyCiETePsEegi4VSg1d_MpjRxXFPckphQq-sn_bCnswDIulEyUmvXX0uddHfd9qB5fAPh7JeXbITej4wRA4fuHCEZWDrX1Rhpncof6cJtc5cE1OxRpZAG97y2uNA7zRzTLALeLhHgKtyY3RMFYErIqxHRduwJH3ewCS123WSSI4zjiK8qQAMN5xFHxI9s0TnDmsOTaKkjnEHQY2VF85nWZKooKba590BuxLjMosYMaSy1Vdt8LzQdtkpRR7MhXfGom6cNiqQ1-6-5hr14IYfBSWF7u8EHMTu-sZL_xNj6sEegOFaBlGJepfYJwrovZsdMiKf4gJPMdnRlLtdyAqEi0h1rvAlGwzQg5l2o6ivvvm1psssM6s9Xebz4lJWUl3gSOPZANpYg&redirect=https%3A%2F%2Fwww.11st.co.kr%2Fproducts%2F5513353726%3FtrTypeCd%3D19%26trCtgrNo%3D585021
19,김선애 우리쌀 구수한 누룽지 백미 100봉 (1봉 30g),"판매가
39,800원",무료배송,,,https://action.adoffice.11st.co.kr/act/click/v1/landing/clickdata/compress?clickData=kSD6p3PkwLY9XMdf3pTzlMDYdoOCiH8ExC-07Pi-0lhQMMZufDqMKCdsgs3pmcjjLtZ519cpSx1CTdlq6XvbRbHIj95ADPzMEnvEGVhRCTRGYwmrbWiTfzN9rUUWDw4wVPjNBRInJ5Aol4Ew4Rt2l_ou17yKOih8jI4ZY66kjZLt5tkTOleBHlMtTuv1kiktR3oHpv1ee98SXmcoidFaTKz9pa3BWjXpjHVoNY1fMxr5u3RiYK4efEMubxbQuMRmYl6VZO-FIvHE1CuGnEBQzqirTdkP9lxX9aCNBZ3EUXbUnYZnLoIqwSaIV0pmd4pFuvWb20PMG_gJWqlcb-vRM5QnKFt3rIq8Asmvev4MRQt6skPN4zOnWELnXoFUT9rUeqAe0AvxkgnUDxzKHgmitZSPwimnGphKT9atq7dVusJKNIa_T5t29mkRveL1Zwmcg1rdhXZ6Vn-Dhqi1VnJmFjhWcx9dMe84b0fTL31bYcnq9DzFDlzbyaD82ZUjbE6AgArrF66r8aE7JuPqvwC1VkbOlqLUgj_euJopHF84OPKs_1oELVzTYpvNGBVyH_WCWRwboKtvHZqqxXLtgRhYucZkxPQ0Wq54eKbCePX9aChslwPyMGhZgarHGp5JeUEPRfM_Sb-umMc7kCESGFhlszoPrMunF3dcDXYshC1YtsXwmBJ1mlnr4az1j2zLla5QyAUnFpHM9L-ij7a9xD_C84PnNEY5hMtAwa97rcvWlAK8VFKugJjBHCqyC0Klin_sPWAgaa83AvvRZ1IjG1uCmk5YRzi6eDZ3LMUejXvvCgEy2MGdZIKo-yjixp0p2vNdbjNkDa8Ge9vdX3MkEHSsPbSJ0qd6KeSxs1_YuXI64AS8UOHgUrazpSKeNtZKCDdx-vCPKBJMoGNVFo0jbFNYGl4zwB1FL0Oq9ErUKeJThY2hCA9kXjZGJh-YaX_e6h6UEBNNVm950qP6DYQMNV9GwjtAu2nSmRoPK-Mt7vCz6SLTEc4rjQr9f5GpJA_7RjTv-dSIduOGzXF9QeJ-uKPV1w&redirect=https%3A%2F%2Fwww.11st.co.kr%2Fproducts%2F3871581631%3FtrTypeCd%3D19%26trCtgrNo%3D585021
20,CJ 햇반 210g 24개입/36개입/오뚜기/발아현미밥/흑미밥,"판매가
26,900원~",무료배송,,,https://action.adoffice.11st.co.kr/act/click/v1/landing/clickdata/compress?clickData=N4nec_DYb58EKLmVVoChLE2Ut9kwqE8cXK6HwjyVXBJuWbrgeHGp8dW5-v4chv-bFfXewDU0hkdYRuA1YwA3fLw0BCsqQqmveErjeT8Y4iiljA2Fnuluk2nLUk03CYK9_LUn0IyzmE6s19xq8yGrbOBj0baz9quKcvp920xt2hTcL42Bw31nvuYAoupHLdlqnYJiJqzT3FeQ9ayIqOoUIQ1j5nbvDUyFlxbu3iKhrn3HutC59ZZHn0rlNNt5QFZvsgMH6ATw6u7GC9KY45SsW7hUjFb6mHbBMmsUzmOoGl0doF_8Jky_UuThzBWWQzbKIBlUhG0uBd7npngdkSHFjlxbtNc8JrazrQsemBRR4JNlzPeAZJ3WN9VNNC3iakkCfgBhq9Grla2LCHdC9stRJs0Dof7Wn8pLF_JQOy_aUzoJRV8UUo_7KNZMALgP6kf_bnhkfAVxaOPZDHvKCLe-CzavydVuV4jDdF_OoZ3CQSRB3-kzVsgbUIlVL1u_13QlfIRxNDjXe83qd6vOSl9bWBdr-Uif2QSuWLqQh_fNMENddbR3k4GPUaNvKzB4AXmiaGllvbXydVI5r8tl9D3GNz1NjGgqwQb0kW7FEnqVhJbq56B14e7l0A5jeKfJ0gzvhG_dpuHnw4ZPvb-4yWFKHt4jdx6n8kxVw-SwloViqr78NdO_McdPlLi51QsGkAOajbOkRBHLWNoXW2ZXo_ZuLWtvwBVe4yxIyrdYmYbLGUPCHIJegkyV6mE77ezg21Ay01yrBGHhgAB3_xuQLxO8Tec5yE3nsrBrSP6Niv4PIDZQx8tBp-ueC3210Gx1YC1YKZ_I7iv-vWn9ZwUh7wixouyG3LYxyEUEm78lQQXyeg0XqIST8G1eXnnebWly3ERvk7WrfKQVl_ltmK4J4lTwvAHT2OE4Fova9AMD92MJp108rnQiPPtYWEZ45ILRbH5wVQTzqknQnzHi3IP4ap_NIwmHeBVsMd8Ek_Fgm_-5QfUb5lr_IbEi8zUtr5bkw79PK3BVyy1FjObaXlGhE6jtyQ&redirect=https%3A%2F%2Fwww.11st.co.kr%2Fproducts%2F1895480906%3FtrTypeCd%3D19%26trCtgrNo%3D585021
21,햇반 오뚜기밥 210g 200g 24개 18개 즉석밥,"판매가
30,000원~",무료배송,,,https://action.adoffice.11st.co.kr/act/click/v1/landing/clickdata/compress?clickData=td1PvLFBnp2dK1uEIfPRpex5_nfJruc9kXpys9n-UNYgIvy03awuY5V7i0gQgCXb9bfmYIsHgCqGYQ86sqbg3TlmNHUQv2bBazQtBhSyJlLtzgPMTA53m0qUGkFc5qViJGwcMJBAlF_Q-WQpik-xLpJQLRCC2AaER_s9NJAOf5CLzY90_IMgVeazNAEEQ9EaeCKBXgkgN4a6_ihYi49Xzk0KuRRvQmC9nrUzCe2GPEj47WKAmglOpjUnjAUBpVw7GFm7WgkibNsdUrbpEpUbDIdb2po8eRwrrJKkS0cUO5J_S90qArc7aj9E2SQ84EEMrKWnaHr93HcyT_M8J2JtmXV8XmyE4ViZe8i7aw-Lu-pvurn18o05xAFQJaeH44Eyi_fjpmqu2qa2R8EeD0mKHv9HlqxH9WUB9lVshpByqX1OHbs98ytZWqFSe8-9ozgIRIqEHDs8w8h5QEpcwt-qlK_28kFJCZ1gyLfbGw6au5fIRMd9Dn6n8nVJNannDMs3GI4kczQpfMyNA37VvToG-PhuLYSbfVgg1efJWDL5kKIrT1kZykfYMJozrPWvjKHipyy8usd6GcveqP4FNfqyPf_J91YiEE63IrmOIDJ7GuFlItliVdfTBq5oOCfpVn6IhHe9x3Wa8jamgMUxK3zZsojT20vEE2VkaUmPi_plCvJJO17eFs5EN9db5OEuHY2zf4_dtWhCuPij3kqBY1diy5rlH2IZKxbcxXOGLd3pptVlHUzAftAXdYyy2q7vCXcbnqBFnKUY3r7htdT-Pxgqi1smmunxBzBpZFlsqKvY-SUl6RL11_qXadDOZAkM4jDFsTKVOsbTVz5-EGm9fcTka01WCMb5a_FkZ1TwTrEZWK9JXwZXNG8XhYO5HRwQw7SU3fY0pkWeTeUXfbHKI0RK6khycCZi_owGTBM7wFv8M9rP1yMV5Vds-UzVRRdaIQdtiAthcwGiJIv28oakh5bp5MIZSEax38ZOG3CYQjemMrYVUQpcl--43S_TUUcsVMahuZDO3dbzjxEPOglgQ45KnQ&redirect=https%3A%2F%2Fwww.11st.co.kr%2Fproducts%2F4168624307%3FtrTypeCd%3D19%26trCtgrNo%3D585021
22,CJ 햇반 210g 24개입/36개입/오뚜기/발아현미밥/흑미밥,"판매가
26,900원~",무료배송,,,https://www.11st.co.kr/products/1895480906?trTypeCd=20&trCtgrNo=585021
23,[동원] 쎈쿡 3종 (발아현미/현미/통곡물밥) 택1 195gx24개,"판매가
29,270원~",무료배송,,,https://www.11st.co.kr/products/1516320312?trTypeCd=20&trCtgrNo=585021
24,CJ 햇반 210g 36개입/24개입/오뚜기밥/발아현미밥,"판매가
26,900원~",무료배송,,,https://www.11st.co.kr/products/1937894882?trTypeCd=20&trCtgrNo=585021
25,[동원] 양반 밥 작은공기 130gx24개(양반밥/흑미밥/현미밥/오미밥),"판매가
21,600원~",무료배송,,,https://www.11st.co.kr/products/2026169893?trTypeCd=20&trCtgrNo=585021
26,구가네식품 황금햅쌀 가마솥맛 누룽지 3kg,"판매가
13,490원","배송비 3,000원(수량별차등)",,,https://www.11st.co.kr/products/2666830038?trTypeCd=20&trCtgrNo=585021
27,올스탠다드 누룽지 1KG 우리쌀 100% 식사대용 아침간편식,"판매가
6,800원~",무료배송,,,https://www.11st.co.kr/products/5522897133?trTypeCd=20&trCtgrNo=585021
28,돌솥밥 누룽지 현미 보리 찹쌀,"판매가
14,800원~",무료배송,,,https://www.11st.co.kr/products/46877409?trTypeCd=20&trCtgrNo=585021
29,[오양]사조수라간 누룽지3kg/대용량,"판매가
11,800원","배송비 3,000원(수량별차등)",,,https://www.11st.co.kr/products/3058279704?trTypeCd=20&trCtgrNo=585021
30,CJ 햇반 컵반 컵밥 빅컵밥 30종 골라담기,"판매가
2,090원~","배송비 3,000원(수량별차등)",,,https://www.11st.co.kr/products/4064519894?trTypeCd=20&trCtgrNo=585021
31,CJ 햇반 210g 24개 / 36개 즉석밥 오뚜기 백미 흑미 발아현미 매일잡곡,"판매가
28,900원~",무료배송,,,https://www.11st.co.kr/products/206612361?trTypeCd=20&trCtgrNo=585021
32,"[다신샵] 오늘은현미주먹밥 5종 25팩 / 국내산현미, 누룽지주먹밥","판매가
40,200원",무료배송,,,https://www.11st.co.kr/products/5369536850?trTypeCd=20&trCtgrNo=585021
33,[한푸드]한끼뚝딱누룽지 [8봉지 24인분] 국산쌀100%,"판매가
20,900원~",무료배송,,,https://www.11st.co.kr/products/10755192?trTypeCd=20&trCtgrNo=585021
34,CJ제일제당 햇반 이천쌀밥 210g x18개입/즉석밥/오뚜기밥/컵밥/코스트코,"판매가
20,850원","배송비 3,000원",,,https://www.11st.co.kr/products/4827023977?trTypeCd=20&trCtgrNo=585021
35,오뚜기밥 210g 18개 24개 / 발아현미 흑미밥 즉석밥 / 햇반 오곡밥 작은밥,"판매가
20,500원~",무료배송,,,https://www.11st.co.kr/products/26649412?trTypeCd=20&trCtgrNo=585021
36,한끼거뜬 가마솥맛 누룽지 3kg 1봉/국내산쌀 100%,"판매가
17,010원",무료배송,,,https://www.11st.co.kr/products/2570668207?trTypeCd=20&trCtgrNo=585021
37,"보현재 수제 찹쌀 연잎밥 선물세트 (11개+1개, 개당 270g)","판매가
45,000원",무료배송,,,https://www.11st.co.kr/products/2005071244?trTypeCd=20&trCtgrNo=585021
38,농부의선물 돌솥밥쌀현미 누룽지 3kg,"판매가
25,800원~",무료배송,,,https://www.11st.co.kr/products/2667580849?trTypeCd=20&trCtgrNo=585021
39,[더미식] 월간십일일 즉석밥 24P모음 / 백미/ 현미 / 잡곡 외,"판매가
47,000원~",무료배송,,,https://www.11st.co.kr/products/3886981496?trTypeCd=20&trCtgrNo=585021
40,국내산의자부심 100% 우리쌀로 만든 구수한 누룽지 1kg(2팩구성) 3kg,"판매가
18,900원~",무료배송,,,https://www.11st.co.kr/products/2939532417?trTypeCd=20&trCtgrNo=585021
41,초특가세일/cj햇반컵반/짜장덮밥/컵밥/40종/골라담기,"판매가
1,690원~","배송비 2,500원(수량별차등)",,,https://www.11st.co.kr/products/2545084082?trTypeCd=20&trCtgrNo=585021
42,CJ컵반 CJ컵밥 햇반 즉석밥 즉석식품 오뚜기밥 모음전,"판매가
1,980원~","배송비 2,500원(수량별차등)",,,https://www.11st.co.kr/products/2013597928?trTypeCd=20&trCtgrNo=585021
43,동원 쎈쿡 발아현미밥/흑미/통곡물밥/현미밥(1박스),"판매가
22,600원","배송비 2,500원",,,https://www.11st.co.kr/products/1621428162?trTypeCd=20&trCtgrNo=585021
44,[오뚜기] 오뚜기밥 일반밥/큰밥/작은밥/잡곡밥 박스전,"판매가
31,900원~",무료배송,,,https://www.11st.co.kr/products/3019969725?trTypeCd=20&trCtgrNo=585021
45,CJ 햇반200g 24개 (12개입 2개),"판매가
27,350원",무료배송,,,https://www.11st.co.kr/products/4880511866?trTypeCd=20&trCtgrNo=585021
46,오뚜기밥 210g 24개입,"판매가
28,900원",무료배송,,,https://www.11st.co.kr/products/5341795874?trTypeCd=20&trCtgrNo=585021
47,CJ 햇반/오뚜기밥 컵밥 골라담기 즉석밥 흑미 오곡 현미,"판매가
13,900원~","배송비 3,000원(수량별차등)",,,https://www.11st.co.kr/products/513505655?trTypeCd=20&trCtgrNo=585021
48,CJ제일제당 둥근 햇반 200g 12개,"판매가
15,190원",무료배송,,,https://www.11st.co.kr/products/5072617808?trTypeCd=20&trCtgrNo=585021
49,오뚜기밥 210g 48개입,"판매가
52,900원",무료배송,,,https://www.11st.co.kr/products/5341795401?trTypeCd=20&trCtgrNo=585021
50,농협식품 쌀누룽지 700gX2개 /식사대용/간식,"판매가
25,900원",무료배송,,,https://www.11st.co.kr/products/3173347699?trTypeCd=20&trCtgrNo=585021
51,CJ제일제당 둥근 햇반 200g 30개(10개입 3개)/즉석밥,"판매가
32,400원",무료배송,,,https://www.11st.co.kr/products/5137178186?trTypeCd=20&trCtgrNo=585021
52,황동판에 구워 구수한 누룽지 150gx10봉 (국내산쌀 100%),"판매가
20,700원",무료배송,,,https://www.11st.co.kr/products/5526669745?trTypeCd=20&trCtgrNo=585021
53,오뚜기 컵밥 3개 골라담기 [김치알밥/참치마요/김치참치/제육덮밥/진짬뽕밥/미역국/황태],"판매가
11,880원~",무료배송,,,https://www.11st.co.kr/products/5400857984?trTypeCd=20&trCtgrNo=585021
54,오뚜기죽 / 청정원죽 골라담기 [통단팥죽/영양닭죽/새송이쇠고기죽/단호박죽/우리쌀야채죽/크림수프/포테이,"판매가
2,940원~","배송비 2,500원",,,https://www.11st.co.kr/products/5400903491?trTypeCd=20&trCtgrNo=585021
55,오뚜기밥 210g x 24개 외 즉석밥 모음 [큰밥/오뚜기작은밥/발아현미/발아흑미/잡곡밥],"판매가
32,820원~",무료배송,,,https://www.11st.co.kr/products/5400846812?trTypeCd=20&trCtgrNo=585021
56,김선애 우리쌀 누룽지 백미 누룽지탕 간식 스낵 100봉,"판매가
39,800원",무료배송,,,https://www.11st.co.kr/products/2652079729?trTypeCd=20&trCtgrNo=585021
57,전투식량 육해공 야전식량 즉석비빔밥/라면밥 (7종),"판매가
2,200원","배송비 2,500원",,,https://www.11st.co.kr/products/2243433944?trTypeCd=20&trCtgrNo=585021
58,오뚜기밥 210g X 24개,"판매가
27,900원",무료배송,,,https://www.11st.co.kr/products/1294226864?trTypeCd=20&trCtgrNo=585021
59,오뚜기밥 210g X 24개,"판매가
29,900원",무료배송,,,https://www.11st.co.kr/products/2331587400?trTypeCd=20&trCtgrNo=585021
60,오뚜기밥 210g 12개입,"판매가
15,900원",무료배송,,,https://www.11st.co.kr/products/5341796123?trTypeCd=20&trCtgrNo=585021
61,오뚜기/추가금무/오뚜기밥 210gx30입,"판매가
32,500원",무료배송,,,https://www.11st.co.kr/products/2213745178?trTypeCd=20&trCtgrNo=585021
62,CJ 햇반컵반 빅컵밥 골라담기,"판매가
2,730원~","배송비 3,000원(수량별차등)",,,https://www.11st.co.kr/products/4853941770?trTypeCd=20&trCtgrNo=585021
63,초특가세일/햇반/CJ컵밥/컵반/컵밥/BIG 신제품 추가/김치날치알밥/스팸마요/치킨마요/불닭마요/철판제육,"판매가
1,590원~","배송비 2,500원(수량별차등)",,,https://www.11st.co.kr/products/2634673113?trTypeCd=20&trCtgrNo=585021
64,CJ제일제당 햇반 이천쌀밥 210g x18개입/즉석밥/오뚜기밥/컵밥/코스트코,"판매가
23,850원",무료배송,,,https://www.11st.co.kr/products/5323439611?trTypeCd=20&trCtgrNo=585021
65,CJ햇반 컵반 24종 골라담기 / 오뚜기 컵밥 20종 / 즉석밥 국밥 덮밥 비빔밥 / 미역국 스팸마요 강된장,"판매가
1,630원~","배송비 2,500원(수량별차등)",,,https://www.11st.co.kr/products/1851032214?trTypeCd=20&trCtgrNo=585021
66,CJ 햇반 컵반 x12 / 24종 /국밥/비빔밥/덮밥/컵밥/즉석밥,"판매가
31,900원~",무료배송,,,https://www.11st.co.kr/products/1851099451?trTypeCd=20&trCtgrNo=585021
67,사조오양/수라간 누룽지 3kg/2봉/대용량,"판매가
29,500원",무료배송,,,https://www.11st.co.kr/products/2962498417?trTypeCd=20&trCtgrNo=585021
68,오뚜기 컵밥 1개 골라담기 [김치알밥/김치참치/참치마요/제육덮밥/진짬뽕밥],"판매가
2,940원","배송비 2,500원(수량별차등)",,,https://www.11st.co.kr/products/5400873030?trTypeCd=20&trCtgrNo=585021
69,오뚜기밥 210g 36개입,"판매가
41,500원",무료배송,,,https://www.11st.co.kr/products/5341795651?trTypeCd=20&trCtgrNo=585021
70,빅마마 이혜정의 수제영양밥 120g 3팩/5팩/6팩 골라담기,"판매가
9,900원~","배송비 3,000원",,,https://www.11st.co.kr/products/2307361341?trTypeCd=20&trCtgrNo=585021
71,핫쿡 발열도시락 비화식 발열라면 김치참치 불갈비맛참치 불닭맛 간편식 차박,"판매가
4,200원~","배송비 3,000원",,,https://www.11st.co.kr/products/4269401172?trTypeCd=20&trCtgrNo=585021
72,오뚜기 맛있는 큰밥 300g 18개,"판매가
31,900원",무료배송,,,https://www.11st.co.kr/products/2361288505?trTypeCd=20&trCtgrNo=585021
73,오뚜기 맛있는 밥 210g 24개,"판매가
29,900원",무료배송,,,https://www.11st.co.kr/products/2361293819?trTypeCd=20&trCtgrNo=585021
74,컵밥/균일가25종/스팸마요/치킨마요/낙지콩나물비빕밥/버섯곤드레비빕밥/불닭마요/직화불고기덮밥,"판매가
2,750원~","배송비 2,500원(수량별차등)",,,https://www.11st.co.kr/products/2623534902?trTypeCd=20&trCtgrNo=585021
75,갓구운 쌀눈쌀 수제 현미누룽지 선물세트 1호 (540gx2팩),"판매가
31,900원",무료배송,,,https://www.11st.co.kr/products/1830467139?trTypeCd=20&trCtgrNo=585021
76,CJ 햇반200g 36개 (12개입 3개),"판매가
39,500원",무료배송,,,https://www.11st.co.kr/products/4968503286?trTypeCd=20&trCtgrNo=585021
77,즉석밥/발열도시락/핫앤쿡/더온/발열밥/가열밥/즉각취식/등산식/비화식/핫쿡,"판매가
4,090원~","배송비 3,000원",,,https://www.11st.co.kr/products/12005826?trTypeCd=20&trCtgrNo=585021
78,갓구운 수제 쌀눈쌀 현미누룽지 540g,"판매가
13,900원","배송비 3,000원",,,https://www.11st.co.kr/products/1811471634?trTypeCd=20&trCtgrNo=585021
79,CJ 햇반200g 48개 (12개입 4개),"판매가
49,900원",무료배송,,,https://www.11st.co.kr/products/3952509764?trTypeCd=20&trCtgrNo=585021
80,시아스 철원오대미밥 210gx24개(즉석 밥 백미 잡곡밥),"판매가
33,000원",무료배송,,,https://www.11st.co.kr/products/3197968499?trTypeCd=20&trCtgrNo=585021
81,오뚜기 컵밥/즉석밥/모음전,"판매가
2,460원~","배송비 3,000원(수량별차등)",,,https://www.11st.co.kr/products/2563556496?trTypeCd=20&trCtgrNo=585021
82,햇반 빅 치즈닭갈비덮밥 x 4ea,"판매가
10,630원","배송비 3,000원",,,https://www.11st.co.kr/products/5085193940?trTypeCd=20&trCtgrNo=585021
83,CJ 햇반200g 30개입 (10개입 3개),"판매가
34,160원",무료배송,,,https://www.11st.co.kr/products/3952509300?trTypeCd=20&trCtgrNo=585021
84,햇반 빅 간장삼겹덮밥 x 4ea,"판매가
10,630원","배송비 3,000원",,,https://www.11st.co.kr/products/5085300144?trTypeCd=20&trCtgrNo=585021
85,간편식 컵반&컵밥 골라담기 / 햇반컵반 오뚜기컵밥 즉석밥 덮밥 국밥 비빔밥 스팸마요 치킨마요 컵라면,"판매가
990원~","배송비 3,000원(수량별차등)",,,https://www.11st.co.kr/products/1987812349?trTypeCd=20&trCtgrNo=585021
86,CJ컵반/햇반/보리밥/즉석밥/오뚜기컵밥 모음전,"판매가
1,980원~","배송비 2,500원(수량별차등)",,,https://www.11st.co.kr/products/2008190811?trTypeCd=20&trCtgrNo=585021
87,전투식량(10종)/일빵빵 대용량 군납 즉각취식 비빔밥 라면밥 파운드케익 건빵 간편식 즉석밥 비상식량,"판매가
29,900원",무료배송,,,https://www.11st.co.kr/products/217231592?trTypeCd=20&trCtgrNo=585021
88,오뚜기 컵밥 20종 골라담기 / CJ햇반 컵반 24종 / 국밥 덮밥 즉석밥 비빔밥 / 김치알밥 중화덮밥,"판매가
2,880원~","배송비 2,500원(수량별차등)",,,https://www.11st.co.kr/products/3501207929?trTypeCd=20&trCtgrNo=585021
89,더온 발열도시락(4종) + 핫앤쿡 발열식품(3종) 간편식 즉석밥 군대전투식량 등산 낚시 캠핑 야전 비상식량,"판매가
41,900원",무료배송,,,https://www.11st.co.kr/products/249683161?trTypeCd=20&trCtgrNo=585021
90,더온 발열도시락 발열전투식량 간편식 즉석밥 비상식량 참맛 군납 군대비빔밥 따뜻한밥 핫앤쿡 도시락밥,"판매가
3,800원~","배송비 2,500원",,,https://www.11st.co.kr/products/249683392?trTypeCd=20&trCtgrNo=585021
91,현재 군납업체가 만든 진짜 군대밥/즉각취식형 쇠고기고추장비빔밥(10개) 간편식 즉석밥 전투식량 비상식량,"판매가
27,500원",무료배송,,,https://www.11st.co.kr/products/416263840?trTypeCd=20&trCtgrNo=585021
92,전투식량/즉각취식형/군납/일빵빵/건조밥/맛다시/비상식량/즉석밥/간편식/차박/등산/낚시/캠핑,"판매가
2,190원~","배송비 3,000원",,,https://www.11st.co.kr/products/11974631?trTypeCd=20&trCtgrNo=585021
93,군납 전투식량 비상식량 즉각취식형 군대밥 즉석밥 일빵빵 대용량 비빔밥 라면밥 간편식품 즉석도시락 혼식,"판매가
2,400원~","배송비 2,500원",,,https://www.11st.co.kr/products/165478467?trTypeCd=20&trCtgrNo=585021
94,군납군대밥 더온발열도시락 원터치 발열전투식량 간편식 즉석밥 비상식량 등산 낚시 캠핑 도시락밥 참맛,"판매가
7,000원","배송비 2,500원",,,https://www.11st.co.kr/products/410736324?trTypeCd=20&trCtgrNo=585021
95,군납 전투식량 비상식량 일빵빵 대용량 비빔밥 간편식 즉석밥 라면밥 간편도시락 참맛 비빔밥 혼밥 혼식,"판매가
2,400원~","배송비 2,500원",,,https://www.11st.co.kr/products/222634641?trTypeCd=20&trCtgrNo=585021
96,연잎밥(10+1개) 개당270g~ 다이어트 맛있는 잡곡밥 영양 찰밥 호두 단호박 대추 찐 연근영양 밥 건강한한l,"판매가
41,000원",무료배송,,,https://action.adoffice.11st.co.kr/act/click/v1/landing/clickdata/compress?clickData=_sx6kp703sBk4hB3OHKoaY3xZxphFzORSMFqjyRfD36Tel2NIUqDjgoAQEXYC7PGElKmdS9tpbLVSY5Ounoj7YzKQ9Y5oLsOUvc-nmI3YCvnee16QQ2N3lR7NvchOJIbe43g8evFpFLpeF3LJiJugM9Xbb1ERiLCsgHizwh5JmiDnMUJIkmzoXSg0ROSKEW-Rni6CPhpfQ9v_2j-y9G9y3zjOvwZP-rBEpD9Joo8UU3N8HYym6QolGYcZXczD4VIDm-fLCifJ5RpTUrAzxASFQCUfAHK-INyif80K6MXZ41LXNfSdZ7FNp8hH8-PftGn8Mg1d8FrzwWfmCdpkO8agO3tw8ooXQvBphr3HpvMhCjJkW14TO7pb4TM3T81zzWnS6512t93tA73kqHndpfSgQsj8jqasc9mwS-rS5SrZwGE5jzJwXB7SQBHHJvKthxuIPmnTJexXkgV8cez6TDOaLjmH2NwRiI3sILeNK1m_etWnPYx6QKpEnFrVEAbjLdClBTXWN0Yk_a4NDJvlYKIV9SV1-dT_GYOzcyGsrv2szjMqlshGgTaLRVBf7gQnV9xmk8H7zqdhCKR7BUjm988ygq7QUx-NKmrVdLrjWKuhPIBc46ADnLGFxU8UYGsI6nlE4MXGu7NpWApx_K9oo4MiquOjp42x5G_D8JEHwNdlS-TORW-HPQ3ZwMSdx4JhMBaz7-EocGGzFz3kSuljrVm_loziETyIHiedd2-REn4nKPzWtVoXwVe4lvex3vrPiRva9OajNnDvmQD4bnAVX0IVRrhpIU0ul0ExYXditaToQWGXo3XP2xj16sFMEQIhS-dw_Vkudq4_RZbox6WMh9vZTJWCBjRjmVnVT2SqOsJ8soa7UmvcfZbHlRAMdMKi6gAsUugEqagU0KksnEaY2a-hR8uc1VUmr49tdw3Jv8dkIH2fSywKgtMXUcqKt0y5MdqSjK76aH6oq3vGDSLp-BUrORsl_u8nYm2YzBCsitdz_Beh03CQpGOkF35QmMUV9bERThX0aRDWEHqe_0eU6ID3Kc2DA2jjU03mvlV64_nEPU&redirect=https%3A%2F%2Fwww.11st.co.kr%2Fproducts%2F3832564704%3FtrTypeCd%3DPW24%26trCtgrNo%3D585021
97,CJ 햇반 발아현미밥 210g 24개입 1박스,"판매가
38,900원",무료배송,,,https://action.adoffice.11st.co.kr/act/click/v1/landing/clickdata/compress?clickData=h0s8dvtBkvoxmzTVBj5U5SaZ0Dy8kjn7wv7TV38V79t7UDpNSKIKY7ETIdvosI_nx4bfPHZz8iEBNh_9NgHJljT9hMPFi6lPw-QG52QukEcmmtugoNVixMnaXxwjY0oST_i-1yQSWLBT9yhr3fXhQYMICGpUFIGbkYHUJsc66k44b0jylWBBR9O-yA0IhybGnOgxwHBhCCInf0Q_s4Kwqu7_KigfcUTpTt6gIkBfGWZWGno0WC6Golocz1REp6-73FLxQPXkOPViCUy9lLX7wCz1c9ycqcAhd84ZZj67FNv1GeGzt49jxxCbAkW0sYJSCoW8MUE4-JX0JnRIJLoygZ3-3WLHt94D0J64w0j0In_RmeY6sNj6bws22ssymfVsiK8TzHZ85Fdbz3PzUE07JwIzlJXXWtP6Kr5X7cMmWrFfhRm99hC8CfOhCmZGIltlO_j-8Z_78Ls0iWcGFmuT607lPPwXzaM1efDAB7ppwuC38s5et1XVpq4qRfPmw-8IPrWvBj86vhOxyE7v3-e5KqAbyxApmXBTHuaqShg5OypEHjxSEKpoW4JJJx5pFu04csv97S7h3j2n8yJsyNwVRU-bEtcGgJOKgiGqhgdLa0qk1gQtA-GZqitnxfvtemZ7DtDF0mJxwF98BQYfqK5lrgb7tAxF3tZ0tIbioE1YKyKDOrYxOn35hODYkpAebzVwjItoNy9hjvmba2uXllB0qeKbNre_Df9xh_vlt8sjr9Nm-ynaOLI7Rrc1mfVvF8opMOBGhow_6mJGzOH4kTg_Mt8gXhK9XXZ2G-Zj64w__pHWlX10aLBby8dHY7LXe5_ROYHnd9YBD3gQ-l_GrG85GXrKOjASkUJEsbMZuMtjtgKWg71DDkhnq3j6faJDLoyAyHH-T6JYDnvl5qXtZalaR0R1XZ77-ANbJBgoulEachZTR4uEkoY0GtV54jBPNR-pUAV-9_GUldwjmbFtukhWjdMX9MLJiOxvv2pvaUaVDzMi4ea8ig4ANk8di-RBwmEV4OtmWWraggotpEuB5wJkVmKnhFmJTY0LgxcdRHsSGNg&redirect=https%3A%2F%2Fwww.11st.co.kr%2Fproducts%2F3956968172%3FtrTypeCd%3DPW24%26trCtgrNo%3D585021
98,CJ 햇반 200g 24개입 1박스,"판매가
27,900원",무료배송,,,https://action.adoffice.11st.co.kr/act/click/v1/landing/clickdata/compress?clickData=V3WUF2IvPP1xMD_K7UtwIzX92pWKXoIfXwF-97tCgh5VGN42weRxqlvdogLCFbmZGPFTlHuKs6Zy0fA0ihLuQrVCrAg93QR2swulpZHMbTxiisEfmTNIXrPlhPqVFW8C1wq0BUwrxxmU8Gemuiv1t7MhVVy57vrNuoXihDEVFSLq2BR1FQeXlT6bm7SLOQ-vhjd0fUNeUjqy07wQnVyLW5qyqyaETuFxQRJg0DtsekH4m7L3rtbhuxA8fIW038pLNK5F9tA_Rrxc1ljc9adt39L0napFKiWefJeFT96a4oPOto5L6_7QHt9bW07TZN1niawdzMODDZZF1vrdu-hfol4_Wq0BKGSkrQeXyC210BLvcICbyqLYsOaTxtGbDddU4JdaYVy45E0IrORFfU0e4Ht_frNw1t1VD2oBcWnawvKPQsH7nK9mOzn1UAKsYIjZ0F-Cx2TlTvPEJFqghtveJUzDoaAklsNLovCiK35qRj0HDiO_JZObPNouhVFlZVew1_VZAwpnfM38Is8C-3qOJ5TwcjQ-aQWR7WUUpM4MIl8osVWO8L8XPyabRj-YNCLSgVS-KbdbJBAS5JSwP1ywd6i6D6ioh2Hz3PyIUuU_7mlXmvLNTG0mq-3DJnIR7UR918C86p8Mz0ISEPmroMWkwlBlZ44Luoiela-hkmvKRyN9boYyO7s6IDmS3dFxsMYjwNDJGz5wEYVYJgjB99eVMIyzvdEaEhg1KU3u6tliIL_VJc0LQOt3jZhop14Cz4u--PRc2ekDQ7SV0sgkwIPJtrnGpfu7ysx04MxcNO0tvc9beaDafTOwyHWK-tef5ZYVUe28BtoUZQTMsyg-RkiNsiF42fVYumf7UqdDcyiy7R9uFVPE3dxEnlYx3FgiKM5RajM6ifpaXtYwPKjOoRgrQYa36zAxHsyZkxZ3CUF0AliXPIR5JYYqwYNRmrgn3GMIUiFEnRg6-Hw2iu0ahIZunoE3-a83G0ZrwFI8ilFvWmz9Cyj3xJbCCsTAqMMNJo1acjxNiC9m7OoyNMYJ4xy4OLK6VoQqrO6QCy1el_Dti08&redirect=https%3A%2F%2Fwww.11st.co.kr%2Fproducts%2F3956901935%3FtrTypeCd%3DPW24%26trCtgrNo%3D585021
